SPECID,OB star,AF star,Gstar,Kstar,Mstar
G15_Y3_021_065,,,,,1
G15_Y2_019_067,,,,,1
G15_Y2_019_108,,,,,1
G15_Y4_222_048,,,,,1
G15_Y6_085_020,,,,,1
G15_Y6_072_155,,1,,,
G15_Y3_032_205,,1,,,
G12_Y1_AX1_097,,,,,1
G15_Y3_050_039,,,,,1
G09_Y6_066_246,,1,,,
G02_Y3_016_134,,,1,,
G09_Y2_003_278,,,,,1
G09_Y1_BN2_319,,1,,,
G02_Y5_110_395,1,,,,
G02_Y3_018_333,,,1,,
G09_Y2_028_081,1,,,,
G02_Y3_013_219,,1,,,
G12_Y2_008_158,,1,,,
G12_Y1_BN1_169,,,,,1
G09_Y2_020_095,1,,,,
G09_Y1_EN2_374,,1,,,
G15_Y3_015_043,1,,,,
G12_Y6_058_033,,1,,,
G09_Y1_AN1_138,,1,,,
G12_Y1_DX2_154,,,,,1
G15_Y1_GN1_101,,,,,1
G15_Y6_096_259,,1,,,
G15_Y3_005_283,,,1,,
G15_Y6_102_346,,,1,,
G15_Y4_203_321,,,,,1
G15_Y4_203_214,1,,,,
G12_Y6_057_220,,,1,,
G15_Y3_002_235,1,,,,
G09_Y4_227_011,,,,,1
G15_Y4_212_102,,,,,1
G15_Y4_203_187,,,,,1
G15_Y2_008_005,,,,,1
G15_Y4_204_309,,,,,1
G09_Y5_014_240,,,,,1
G02_Y4_045_335,,,,,1
G12_Y1_AT_139,,,,,1
G02_Y4_032_127,,,,,1
G15_Y4_204_016,,,,,1
G15_Y2_013_207,,,,,1
G15_Y1_DS2_164,,,,,1
G15_Y4_203_214,1,,,,
G15_Y3_036_018,,,,,1
G15_Y3_036_032,,,,,1
G15_Y3_012_140,,,,,1
G12_Y1_FN1_275,,,,,1
G02_Y3_019_301,,,,,1
G12_Y5_014_141,,,,,1
G15_Y3_038_308,,,,,1
G15_Y1_FS2_304,,,,,1
G15_Y4_209_185,1,,,,
G12_Y1_HS1_349,1,,,,
G15_Y4_212_215,,,,,1
G15_Y3_001_258,,,,,1
G15_Y5_022_331,1,,,,
G02_Y4_038_249,,,,,1
G12_Y5_025_315,,,,,1
G09_Y6_061_245,1,,,,
G12_Y3_003_115,,1,,,
G15_Y4_206_262,,,,,1
G09_Y1_BS1_021,1,,,,
G09_Y1_DX1_391,,,,,1
G12_Y1_CX1_393,,,,,1
G02_Y6_012_124,,,,,1
G15_Y1_GN1_242,,,,,1
G15_Y2_011_023,,,,,1
G15_Y4_201_241,,,,,1
G15_Y2_005_020,,,,,1
G02_Y6_009_199,,,,,1
G15_Y2_010_051,,,,,1
G02_Y6_010_202,,,,,1
G02_Y6_013_165,,,,,1
G15_Y6_089_118,,1,,,
G09_Y2_042_251,,,,,1
G02_Y5_113_065,,,,,1
G15_Y1_CS1_291,1,,,,
G02_Y6_015_159,,,,,1
G15_Y1_IS1_342,,,,,1
G12_Y1_AX1_371,,,,,1
G15_Y4_204_074,1,,,,
G15_Y3_005_275,,,,,1
G15_Y4_202_040,,,,1,
G09_Y5_016_096,,1,,,
G09_Y6_065_239,1,,,,
G15_Y3_041_180,,,,,1
G15_Y5_030_229,,,,,1
G09_Y5_018_094,1,,,,
G15_Y2_004_242,,,,,1
G02_Y3_019_336,,,,,1
G15_Y4_210_309,1,,,,
G09_Y1_BS1_016,,1,,,
G15_Y3_007_124,,,,,1
G15_Y1_IS2_225,,,,,1
G02_Y5_086_270,,,,,1
G15_Y2_020_326,,,,,1
G02_Y6_008_099,,,,,1
G15_Y5_061_323,,,,,1
G02_Y6_017_205,,,,,1
G15_Y5_005_092,,,,,1
G15_Y2_019_195,,,,,1
G09_Y1_HS2_395,,,,,1
G09_Y2_024_378,,,,,1
G12_Y2_014_043,1,,,,
G15_Y2_012_148,,,,,1
G15_Y1_AS2_052,,,,,1
G15_Y6_082_191,,,,,1
G02_Y5_110_233,,,,,1
G15_Y1_BN1_309,1,,,,
G02_Y6_016_105,,,,,1
G02_Y5_110_388,,,,,1
G02_Y4_030_319,,,,,1
G02_Y6_016_134,,,,,1
G15_Y4_201_269,,,,,1
G15_Y4_217_026,,,,,1
G15_Y4_240_117,,,,,1
G02_Y5_052_251,,,,,1
G15_Y3_007_266,,,,,1
G02_Y6_016_184,,,,,1
G02_Y6_015_318,,,,,1
G15_Y4_230_232,,,,,1
G15_Y2_004_077,,,,,1
G02_Y6_015_175,1,,,,
G09_Y4_210_391,,,,,1
G09_Y1_CN2_349,,,,,1
G15_Y3_043_244,,,,,1
G15_Y6_085_089,,1,,,
G02_Y6_017_241,,,,,1
G02_Y4_039_252,,,,,1
G15_Y1_CS1_331,,,,,1
G09_Y4_236_260,,1,,,
G15_Y1_HN1_186,,,,,1
G09_Y3_004_218,,,,,1
G02_Y6_015_157,,,,,1
G15_Y4_203_321,,,,,1
G02_Y6_010_123,,,,,1
G15_Y2_020_054,1,,,,
G15_Y1_DS2_109,,,,,1
G12_Y1_FS1_222,,,,,1
G15_Y5_024_375,,,,,1
G15_Y6_094_276,,,,,1
G15_Y4_203_311,,,,1,
G12_Y1_DX2_154,,,,,1
G09_Y1_AN2_188,,,,,1
G02_Y3_013_271,,,,,1
G02_Y5_110_393,,,,,1
G15_Y5_023_034,,,,,1
G15_Y2_022_140,,1,,,
G09_Y4_236_254,,1,,,
G15_Y3_030_017,,,,,1
G15_Y4_227_222,,,,,1
G12_Y2_009_147,,,,,1
G15_Y5_004_336,1,,,,
G02_Y5_076_264,,,,,1
G09_Y1_AX1_001,,,,,1
G12_Y4_211_266,,,,,1
G02_Y4_042_163,,,,,1
G15_Y3_021_136,,,,,1
G12_Y1_HND1_327,,,,,1
G02_Y5_095_038,,,,,1
G15_Y4_220_360,,,,,1
G12_Y3_001_088,,1,,,
G15_Y3_001_228,,,,,1
G02_Y6_010_029,,,,,1
G02_Y6_013_107,,,,,1
G12_Y1_ES1_274,,,,,1
G15_Y3_012_157,,,,,1
G02_Y3_007_134,,,,,1
G15_Y3_051_218,1,,,,
G02_Y4_041_374,,,,,1
G09_Y4_226_349,,,,,1
G09_Y1_ES2_299,,,,,1
G12_Y1_IN1_328,,,,,1
G09_Y1_BN2_278,,,,,1
G15_Y5_029_096,,,,,1
G02_Y6_009_079,,,,,1
G02_Y6_010_155,,,,,1
G02_Y6_012_155,,,,,1
G15_Y3_026_342,,,,,1
G02_Y4_021_017,,,,,1
G15_Y1_AN1_120,,,,,1
G15_Y1_CS2_320,,,,,1
G09_Y3_015_208,1,,,,
G12_Y1_HS2_381,,,,,1
G15_Y3_004_039,,,,,1
G15_Y1_DS2_275,,,,,1
G15_Y3_042_195,1,,,,
G09_Y1_DS2_074,,,,,1
G09_Y4_245_204,1,,,,
G15_Y1_DS2_271,,,,,1
G12_Y3_022_009,,,,,1
G02_Y6_003_165,,,,,1
G09_Y1_BX2_049,,,,,1
G09_Y1_AN2_295,,,,,1
G15_Y1_IS1_183,,,,,1
G15_Y2_008_326,,,,,1
G15_Y2_012_246,,,,,1
G15_Y1_DS2_299,,,,,1
G15_Y3_007_338,1,,,,
G15_Y1_DN2_099,,1,,,
G15_Y1_HN1_033,,,,,1
G15_Y5_030_044,,,,,1
G15_Y1_DS1_248,,,,,1
G15_Y4_227_336,,,,,1
G15_Y1_AS1_220,,,,,1
G12_Y2_002_248,,,,,1
G15_Y4_219_256,,,,,1
G15_Y4_201_069,,,,,1
G15_Y4_231_013,,,,,1
G02_Y4_045_195,,,,,1
G15_Y1_GN1_083,1,,,,
G12_Y1_AS2_180,,,,,1
G09_Y1_AS1_389,,,,,1
G09_Y4_212_332,,,,,1
G02_Y6_016_345,,,,,1
G12_Y1_DS2_113,,,,,1
G09_Y1_IS1_392,,,,,1
G15_Y1_DS1_239,,,,,1
G09_Y4_214_155,,,,,1
G09_Y1_DS1_283,,,,,1
G15_Y1_BN2_036,,,,,1
G09_Y1_FX2_257,,,,,1
G12_Y1_ES2_147,,,,,1
G02_Y5_088_107,,,,,1
G09_Y4_233_270,,,,,1
G09_Y1_AX2_161,,,,,1
G15_Y1_CX1_389,,,,,1
G02_Y5_077_185,,,,,1
G09_Y1_BS1_334,,,,,1
G12_Y1_GS2_099,,,,,1
G15_Y3_005_263,,,,,1
G12_Y1_DN1_386,,,,,1
G15_Y2_002_361,,,,,1
G09_Y1_AS1_389,,,,,1
G09_Y4_212_332,,,,,1
G02_Y6_016_345,,,,,1
G12_Y1_DS2_113,,,,,1
G09_Y1_IS1_392,,,,,1
G15_Y1_DS1_239,,,,,1
G09_Y4_214_155,,,,,1
G09_Y1_DS1_283,,,,,1
G15_Y1_BN2_036,,,,,1
G09_Y1_FX2_257,,,,,1
G12_Y1_ES2_147,,,,,1
G02_Y5_088_107,,,,,1
G09_Y4_233_270,,,,,1
G09_Y1_AX2_161,,,,,1
G15_Y1_CX1_389,,,,,1
G02_Y5_077_185,,,,,1
G09_Y1_BS1_334,,,,,1
G12_Y1_GS2_099,,,,,1
G15_Y3_005_263,,,,,1
G12_Y1_DN1_386,,,,,1
G15_Y2_002_361,,,,,1
G12_Y6_061_161,,,,,1
G02_Y6_012_378,,,,,1
G09_Y4_223_025,,,,,1
G15_Y4_219_226,,,,,1
G02_Y6_015_173,,,,,1
G12_Y1_ES1_161,,,,,1
G12_Y1_GS1_188,,,,,1
G12_Y1_CX2_233,,,,,1
G12_Y1_ES1_088,,,,,1
G12_Y1_AS2_325,,,,,1
G09_Y4_212_256,,,,,1
G15_Y1_EN2_179,,,,,1
G02_Y6_010_280,,,,,1
G15_Y3_038_353,,,,,1
G15_Y3_018_365,,,,,1
G02_Y6_016_324,,,,,1
G09_Y1_DS2_112,,,,,1
G09_Y2_023_047,,,,,1
G02_Y5_083_025,,,,,1
G12_Y1_DS2_185,,,,,1
G09_Y1_BS1_308,,,,,1
G09_Y1_IN1_391,,,,,1
G15_Y6_086_299,,,,,1
G09_Y1_HS1_294,,,,,1
G09_Y4_207_171,,,,,1
G09_Y1_CN2_399,,,,,1
G12_Y2_038_008,,,,,1
G15_Y2_021_236,,,,,1
G09_Y1_GX1_358,,,,,1
G02_Y5_071_340,,,,,1
G09_Y1_GN2_209,,,,,1
G09_Y1_CN1_313,,,,,1
G15_Y4_211_127,,,,,1
G09_Y1_BX1_299,,,,,1
G09_Y4_213_278,,,,,1
G09_Y4_225_324,,,,,1
G15_Y1_AS1_323,,,,,1
G12_Y4_209_121,,,,,1
G09_Y1_EN1_035,,,,,1
G09_Y1_EN2_091,,,,,1
G12_Y1_DS2_364,,,,1,
G12_Y5_004_133,,,,,1
G15_Y1_GS1_287,,,,,1
G09_Y4_218_112,,,,,1
G09_Y1_CN2_068,,,,,1
G15_Y5_012_198,,,,,1
G15_Y4_231_198,,,,,1
G15_Y4_219_224,,,,,1
G15_Y2_004_180,,,,,1
G09_Y1_AX1_191,,,,,1
G12_Y1_DS1_040,,,,,1
G09_Y2_035_315,,,,,1
G09_Y4_233_097,,,,,1
G09_Y2_041_136,,,,,1
G02_Y5_114_011,,,,,1
G15_Y2_001_301,,,,,1
G12_Y3_010_359,,,,,1
G12_Y6_051_249,,,,,1
G15_Y4_230_066,,,,,1
G15_Y3_039_185,,,,,1
G09_Y4_222_169,,,,,1
G15_Y1_DS1_369,,,,,1
G15_Y2_014_343,,,,,1
G09_Y1_BX1_162,,,,,1
G02_Y5_085_118,,,,,1
G15_Y2_004_364,,,,,1
G02_Y4_029_005,,,,,1
G15_Y5_002_227,,,,,1
G15_Y3_005_277,,,,,1
G12_Y6_056_059,,,,,1
G15_Y3_020_265,,,,,1
G15_Y2_015_216,,,,,1
G15_Y4_241_365,,,,,1
G09_Y4_204_005,,,,,1
G02_Y3_012_048,,,,,1
G12_Y3_015_239,,,,,1
G15_Y2_015_366,,,,,1
G15_Y6_073_067,,,,,1
G02_Y5_101_192,,,,,1
G09_Y1_FS1_389,,,,,1
G15_Y3_013_062,,,,,1
G12_Y1_EX2_079,,,,,1
G02_Y5_094_368,,,,,1
G15_Y6_095_265,,,,,1
G15_Y2_008_332,,,,,1
G02_Y5_110_385,,,,,1
G15_Y1_GN1_161,,,,,1
G02_Y6_004_365,,,,,1
G12_Y6_080_126,,,,,1
G15_Y1_CX1_087,,,,,1
G15_Y1_GN1_011,,,,,1
G02_Y5_085_112,,,,,1
G12_Y3_015_235,,,,,1
G09_Y2_002_352,,,,,1
G15_Y1_ES1_330,,,,,1
G15_Y2_012_346,,,,,1
G15_Y1_DS1_233,,,,,1
G02_Y6_009_006,,,,,1
G15_Y1_HS2_176,,,,,1
G12_Y1_IS1_195,,,,,1
G12_Y5_014_128,,,,,1
G09_Y6_061_383,,,,,
G15_Y4_212_047,,,,,1
G15_Y4_203_047,,1,,,
G02_Y6_013_228,,,,,1
G02_Y3_013_275,,1,,,
G15_Y4_237_330,,,,,1
G15_Y4_232_287,,,,,1
G15_Y4_243_093,,,,,1
G09_Y4_232_255,,,,,1
G15_Y3_001_025,,,,,1
G12_Y6_056_082,1,,,,
G15_Y2_019_093,,,,,1
G12_Y1_CX1_164,,,,,1
G15_Y1_ES1_218,,,,,1
G15_Y4_204_233,1,,,,
G02_Y6_008_294,,,,,1
G12_Y1_BS2_209,,,,,1
G15_Y6_083_130,1,,,,
G15_Y2_007_085,,,,,1
G15_Y1_CX1_209,,,,,1
G09_Y1_test_321,,,,,1
G15_Y2_011_197,,,,,1
G15_Y5_004_140,1,,,,
G15_Y2_015_210,,,,,1
G15_Y1_GS2_335,,,,,1
G09_Y1_AN2_339,,,,,1
G02_Y5_071_349,,,,,1
G15_Y3_021_096,,,,,1
G15_Y6_070_079,1,,,,
G02_Y6_017_113,,,,,1
G15_Y4_236_230,1,,,,
G15_Y2_007_126,,,,,1
G09_Y1_FS1_303,,,,,1
G15_Y2_012_105,,,,,1
G15_Y3_007_296,,,,,1
G09_Y2_014_190,,,,,1
G09_Y4_203_254,,,,,1
G02_Y6_010_380,,,,,1
G09_Y2_022_072,1,,,,
G09_Y2_002_340,,,,,1
G15_Y4_225_203,,,,,1
G12_Y1_CX1_370,,,,,1
G12_Y1_ES2_127,,,,,1
G09_Y4_251_131,1,,,,
G02_Y4_027_073,,,,,1
G09_Y1_HN1_327,,,,,1
G15_Y5_009_235,,,,,1
G15_Y3_041_130,1,,,,
G09_Y4_211_244,,,,1,
G15_Y3_011_398,1,,,,
G15_Y4_231_275,,,,,1
G02_Y5_071_169,,,,,1
G15_Y6_085_058,,,,,1
G15_Y6_085_029,1,,,,
G09_Y1_BS2_242,,,,,1
G09_Y3_009_334,,,,1,
G09_Y1_AN2_204,,,,,1
G09_Y1_DS1_063,,,,,1
G15_Y1_CN2_079,1,,,,
G02_Y4_034_369,,,,,1
G15_Y6_096_238,,1,,,
G15_Y2_005_091,,1,,,
G02_Y6_016_091,,,,,1
G09_Y4_241_269,,,,,1
G15_Y4_216_121,,,,,1
G02_Y6_010_228,,,,,1
G02_Y6_012_120,,,,,1
G02_Y3_005_226,,,,,1
G15_Y3_037_171,,,,,1
G15_Y4_224_027,,,,,1
G12_Y1_END1_065,,,,,1
G09_Y4_234_130,,,,,1
G15_Y4_211_164,,,,,1
G09_Y5_016_185,,,,,1
G09_Y4_257_289,,,,,1
G15_Y1_BX1_394,,,,,1
G15_Y6_074_352,,1,,,
G15_Y3_016_388,,,,,1
G09_Y1_IS2_303,1,,,,
G15_Y1_CN1_104,1,,,,
G15_Y5_003_209,1,,,,
G02_Y5_079_053,,,,,1
G09_Y4_233_156,,,,,1
G02_Y6_003_321,,,,,1
G15_Y6_087_080,,1,,,
G15_Y5_029_267,1,,,,
G02_Y5_106_361,,,,,1
G09_Y4_221_055,,,,,1
G15_Y4_222_167,,,,,1
G15_Y2_017_249,,,,,1
G09_Y4_213_355,,,,,1
G09_Y4_244_230,,,,,1
G15_Y1_GN1_132,,,,,1
G12_Y1_CN1_376,,,,,1
G15_Y2_005_257,,,,,1
G15_Y5_029_177,,1,,,
G09_Y5_041_028,,,,,1
G15_Y5_030_308,1,,,,
G12_Y1_ND4_079,,,,,1
G02_Y6_015_189,,,,,1
G12_Y1_DND1_384,,,,,1
G09_Y6_063_140,,,,,1
G09_Y3_009_352,,,,,1
G15_Y6_089_105,1,,,,
G15_Y4_233_289,,,,,1
G02_Y5_085_001,,,,,1
G09_Y1_BS1_258,,1,,,
G09_Y4_246_245,,,,,1
G15_Y3_045_354,,1,,,
G02_Y6_013_033,,,,,1
G02_Y5_085_021,,,,,1
G15_Y5_003_274,,,,,1
G12_Y6_060_263,1,,,,
G09_Y5_035_183,,,,,1
G15_Y4_202_280,1,,,,
G15_Y3_001_104,,1,,,
G09_Y4_205_319,,,,,1
G15_Y6_098_275,,,,,1
G12_Y1_GS2_324,,,,1,
G09_Y1_AN1_301,,,,,1
G12_Y1_FS1_208,,,,,1
G15_Y5_029_070,,1,,,
G12_Y1_HN1_066,,,,,1
G02_Y3_005_131,,1,,,
G15_Y5_012_209,,,,,1
G02_Y5_057_329,,1,,,
G15_Y4_244_369,,1,,,
G09_Y4_201_257,,,,,1
G15_Y5_032_066,,1,,,
G09_Y6_074_208,,,,,1
G15_Y3_004_302,,,,,1
G09_Y6_064_356,,1,,,
G09_Y5_017_032,,,,,1
G02_Y6_008_114,,,,,1
G15_Y2_017_109,1,,,,
G15_Y6_073_086,1,,,,
G09_Y1_ES1_305,,,,1,
G15_Y4_221_090,,,,,1
G09_Y1_FN2_229,,1,,,
G15_Y1_EN1_048,,1,,,
G15_Y1_DS2_239,,,,,1
G09_Y1_CS1_286,,,,,1
G02_Y4_033_062,,,,,1
G09_Y5_030_094,,1,,,
G15_Y4_203_329,1,,,,
G15_Y6_087_328,,,1,,
G09_Y1_BN1_328,,,,,1
G09_Y4_211_238,,,,1,
G09_Y2_027_192,,,,,1
G02_Y5_110_095,,,,,1
G15_Y4_219_211,1,,,,
G09_Y1_AS1_203,,,,,1
G12_Y2_012_309,,,,,1
G09_Y6_100_021,,1,,,
G15_Y6_089_126,1,,,,
G15_Y4_235_136,,,,1,
G15_Y2_022_362,,1,,,
G15_Y3_037_174,,,,,1
G12_Y6_054_240,,,,,1
G12_Y1_IS2_018,,1,,,
G02_Y6_002_138,,,,,1
G15_Y4_233_105,,,,,1
G15_Y5_028_233,,1,,,
G15_Y3_015_131,,,1,,
G12_Y1_BX1_228,,,,,1
G15_Y3_012_032,,1,,,
G15_Y6_089_044,,1,,,
G15_Y3_015_173,,1,,,
G15_Y3_001_121,,,,,1
G09_Y5_034_201,,,,1,
G09_Y5_014_356,1,,,,
G02_Y5_107_048,,,,,1
G15_Y4_209_224,,,,,1
G02_Y6_012_128,,,,,1
G09_Y1_GS2_052,,,,,1
G15_Y5_029_105,1,,,,
G15_Y4_213_074,,1,,,
G09_Y2_004_195,,,,,1
G15_Y1_CN1_095,1,,,,
G09_Y1_AX2_013,,,,,1
G09_Y4_236_232,,,,,1
G02_Y6_009_398,,,,1,
G15_Y2_002_068,,,,,1
G15_Y1_BS1_232,,,,,1
G15_Y5_034_008,,1,,,
G02_Y5_079_052,,,,,1
G09_Y1_BX2_389,,,,,1
G15_Y4_203_096,,,,,1
G12_Y4_210_323,,,,,1
G15_Y4_236_269,,,,,1
G15_Y3_002_023,,,,,1
G15_Y2_021_014,,,,,1
G09_Y5_022_398,,,,,1
G15_Y2_007_175,,,,,1
G15_Y2_017_170,,,,,1
G15_Y2_018_080,,,,,1
G15_Y6_092_145,,,,,1
G12_Y4_208_171,,,,,1
G15_Y4_229_082,,,,,1
G15_Y6_078_181,,,,,1
G15_Y4_228_074,,,,,1
G02_Y5_085_346,,,,,1
G15_Y3_048_369,,,,,1
G12_Y5_026_049,,,,,1
G15_Y1_HS1_334,,,,,1
G15_Y6_076_184,,,,,1
G15_Y6_088_326,,,,,1
G15_Y5_012_179,,,,,1
G15_Y3_034_224,,,,,1
G15_Y6_077_256,,,,,1
G15_Y3_026_008,,,,,1
G02_Y6_005_037,,,,,1
G15_Y3_018_062,,,,,1
G15_Y2_017_219,,,,,1
G15_Y2_004_214,,,,,1
G15_Y2_014_387,,,,,1
G15_Y4_228_360,,,,,1
G15_Y5_001_270,,,,,1
G02_Y5_053_161,,,,,1
G15_Y3_018_011,,,,,1
G15_Y2_015_214,,,,,1
G02_Y5_058_295,,,,,1
G09_Y1_IN1_340,,,,,1
G02_Y4_035_148,,,,,1
G15_Y4_209_240,,,,,1
G15_Y6_074_037,,,,,1
G15_Y5_023_063,,,,,1
G15_Y3_052_018,,,,,1
G02_Y3_005_377,,,,,1
G15_Y3_013_253,,,,,1
G15_Y3_010_054,,,,,1
G15_Y4_203_139,,,,,1
G12_Y2_023_146,,,,,1
G15_Y6_089_191,,,,,1
G15_Y4_205_031,,,,,1
G15_Y5_024_153,,,,,1
G15_Y4_239_203,,,,,1
G15_Y3_028_213,,,,,1
G15_Y4_209_358,,,,,1
G15_Y3_005_315,,,,,1
G15_Y6_075_270,,,,,1
G09_Y4_228_293,,,,,1
G15_Y6_079_192,,,,,1
G02_Y5_079_184,,,,,1
G15_Y5_030_159,,,,,1
G15_Y5_064_045,,,,,1
G15_Y6_104_072,,,,,1
G15_Y5_006_227,,,,,1
G02_Y6_016_048,,,,,1
G02_Y5_084_341,,,,,1
G15_Y4_243_217,,,,,1
G09_Y2_019_238,,,,,1
G02_Y4_027_151,,,,,1
G02_Y5_079_295,,,,,1
G15_Y3_031_384,,,,,1
G15_Y3_022_226,,,,,1
G09_Y5_012_216,,,,,1
G15_Y3_035_138,,,,,1
G02_Y5_085_364,,,,,1
G15_Y5_010_152,,,,,1
G15_Y2_009_061,,,,,1
G15_Y3_004_028,,,,,1
G15_Y3_003_007,,,,,1
G09_Y1_BS2_334,,,,,1
G09_Y3_015_073,,,,,1
G15_Y2_015_219,,,,,1
G15_Y6_084_003,,,,,1
G15_Y3_032_201,,,,,1
G15_Y6_095_329,,,,,1
G12_Y1_BS1_335,,,,,1
G09_Y1_EN2_063,,,,,1
G02_Y5_100_367,,,,,1
G15_Y2_013_057,,,,,1
G12_Y3_032_122,,,,,1
G15_Y4_243_211,,,,,1
G02_Y3_020_256,,,,,1
G15_Y4_205_215,,,,,1
G15_Y6_088_210,,,,,1
G15_Y6_093_364,,,,,1
G09_Y6_067_225,,,,,1
G12_Y3_026_381,,,,,1
G15_Y3_042_260,,,,,1
G15_Y3_013_321,,,,,1
G15_Y2_016_082,,,,,1
G15_Y2_010_352,,,,,1
G15_Y2_018_036,,,,,1
G15_Y1_BN1_066,,,,,1
G15_Y6_073_326,,,,,1
G15_Y2_007_158,,,,,1
G12_Y6_052_103,,,,,1
G15_Y3_014_031,,,,,1
G15_Y2_013_213,,,,,1
G15_Y3_009_187,,,,,1
G15_Y4_238_299,,,,,1
G02_Y5_089_287,,,,,1
G15_Y3_013_201,,,,,1
G09_Y4_215_153,,,,,1
G15_Y6_076_332,,,,,1
G02_Y5_096_204,,,,,1
G15_Y4_224_154,,,,,1
G15_Y6_082_364,,,,,1
G15_Y3_001_043,,,,,1
G02_Y3_001_383,,,,,1
G15_Y4_240_088,,,,,1
G02_Y4_026_323,,,,,1
G15_Y5_061_348,,,,,1
G02_Y4_027_304,,,,,1
G15_Y5_002_201,,,,,1
G02_Y5_071_273,,,,,1
G09_Y2_011_349,,,,,1
G02_Y3_015_161,,,,,1
G15_Y2_005_127,,,,,1
G15_Y2_021_181,,,,,1
G15_Y2_014_053,,,,,1
G15_Y1_CS1_006,,,,,1
G02_Y5_083_122,,,,,1
G15_Y6_094_044,,,,,1
G15_Y5_035_104,,,,,1
G15_Y2_009_109,,,,,1
G15_Y3_017_071,,,,,1
G15_Y6_075_258,,,,,1
G02_Y4_043_290,,,,,1
G02_Y5_053_288,,,,,1
G15_Y3_025_377,,,,,1
G15_Y6_081_348,,,,,1
G15_Y4_224_093,,,,,1
G15_Y3_005_286,,,,,1
G15_Y2_018_186,,,,,1
G15_Y1_ES1_333,,,,,1
G15_Y2_006_371,,,,,1
G02_Y6_015_169,,,,,1
G15_Y5_062_193,,,,,1
G15_Y6_090_240,,,,,1
G09_Y5_005_244,,,,,1
G15_Y2_022_071,,,,,1
G15_Y5_021_139,,,,,1
G02_Y3_007_376,,,,,1
G12_Y3_011_059,,,,,1
G15_Y5_005_217,,,,,1
G09_Y3_012_374,,,,,1
G15_Y2_009_209,,,,,1
G15_Y3_027_088,,,,,1
G15_Y4_223_377,,,,,1
G15_Y3_014_240,,,,,1
G15_Y3_030_165,,,,,1
G15_Y4_203_268,,,,,1
G15_Y4_230_229,,,,,1
G02_Y6_010_303,,,,,1
G02_Y6_010_006,,,,,1
G15_Y4_224_365,,,,,1
G15_Y6_073_385,,,,,1
G02_Y5_085_040,,,,,1
G15_Y2_018_129,,,,,1
G02_Y4_021_128,,,,,1
G15_Y3_032_237,,,,,1
G15_Y6_080_331,,,,,1
G15_Y2_022_166,,,,,1
G12_Y4_212_083,,,,,1
G15_Y5_024_116,,,,,1
G15_Y4_225_081,,,,,1
G15_Y4_211_361,,,,,1
G02_Y5_071_180,,,,,1
G15_Y2_014_389,,,,,1
G15_Y3_033_023,,,,,1
G09_Y4_232_070,,,,,1
G15_Y4_235_043,,,,,1
G02_Y5_095_316,,,,,1
G15_Y4_226_390,,,,,1
G15_Y4_240_327,,,,,1
G15_Y4_229_179,,,,,1
G15_Y6_080_008,,,,,1
G15_Y6_073_184,,,,,1
G09_Y5_002_169,,,,,1
G02_Y5_106_386,,,,,1
G09_Y1_FX1_105,,,,,1
G02_Y6_010_089,,,,,1
G15_Y3_021_181,,,,,1
G09_Y2_037_057,,,,,1
G15_Y3_015_216,,,,,1
G15_Y2_017_175,,,,,1
G15_Y4_216_210,,,,,1
G15_Y2_012_340,,,,,1
G15_Y5_022_165,,,,,1
G09_Y1_AX1_170,,,,,1
G15_Y5_028_003,,,,,1
G15_Y3_012_117,,,,,1
G15_Y6_096_017,,,,,1
G15_Y3_004_344,,,,,1
G15_Y5_002_247,,,,,1
G15_Y6_073_202,,,,,1
G15_Y5_028_141,,,,,1
G02_Y5_073_374,,,,,1
G12_Y3_001_274,,,,,1
G15_Y6_094_230,,,,,1
G15_Y2_007_127,,,,,1
G15_Y4_244_370,,,,,1
G12_Y6_054_065,,,,,1
G15_Y4_202_149,,,,,1
G09_Y4_217_288,,,,,1
G15_Y2_015_346,,,,,1
G15_Y2_019_089,,,,,1
G09_Y3_001_063,,,,,1
G09_Y2_005_007,,,,,1
G09_Y6_060_175,,,,,1
G09_Y4_260_057,,,,,1
G09_Y5_015_356,,,,,1
G15_Y5_002_210,,,,,1
G09_Y4_211_322,,,,,1
G09_Y2_013_245,,,,,1
G15_Y2_010_026,,,,,1
G15_Y3_005_264,,,,,1
G15_Y2_001_166,,,,,1
G15_Y4_215_298,,,,,1
G15_Y3_002_151,,,,,1
G15_Y4_224_255,,,,,1
G15_Y1_BX2_032,,,,,1
G15_Y3_009_065,,,,,1
G15_Y5_005_119,,,,,1
G15_Y1_GS1_039,,,,,1
G15_Y5_025_276,,,,,1
G15_Y4_229_137,,,,,1
G15_Y3_012_084,,,,,1
G15_Y1_AX2_197,,,,,1
G15_Y5_060_042,,,,,1
G09_Y1_BX1_072,,,,,1
G15_Y5_010_057,,,,,1
G15_Y5_012_353,,,,,1
G09_Y2_028_132,,,,,1
G02_Y6_013_303,,,,,1
G15_Y3_034_152,,,,,1
G15_Y4_218_360,,,,,1
G15_Y5_028_198,,,,,1
G15_Y4_215_339,,,,,1
G15_Y3_037_095,,,,,1
G15_Y5_005_369,,,,,1
G09_Y2_023_115,,,,,1
G12_Y6_085_244,,,,,1
G15_Y4_234_315,,,,,1
G15_Y3_017_352,,,,,1
G15_Y6_082_242,,,,,1
G02_Y6_005_280,,,,,1
G15_Y4_220_068,,,,,1
G09_Y4_224_387,,,,,1
G15_Y3_003_323,,,,,1
G12_Y1_DS1_337,,,,,1
G15_Y3_015_046,,,,,1
G15_Y6_101_218,,,,,1
G09_Y1_FX2_176,,,,,1
G09_Y4_238_260,,,,,1
G12_Y6_080_162,,,,,1
G15_Y2_012_270,,,,,1
G15_Y1_IN1_230,,,,,1
G15_Y3_038_348,,,,,1
G15_Y3_025_220,,,,,1
G15_Y4_231_013,,,,,1
G15_Y6_094_276,,,,,1
G02_Y5_094_368,,,,,1
G15_Y2_009_247,,,,,1
G15_Y4_228_315,,,,,1
G15_Y4_233_289,,,,,1
G15_Y6_087_328,,,,,1
G15_Y6_080_164,,,,,1
G15_Y2_021_287,,,,,1
G12_Y1_END1_065,,,,,1
G15_Y3_005_275,,,,,1
G02_Y4_041_224,,,,,1
G02_Y5_107_048,,,,,1
G15_Y3_038_353,,,,,1
G15_Y4_235_026,,,,,1
G15_Y4_235_136,,,,,1
G15_Y5_012_198,,,,,1
G09_Y4_241_269,,,,,1
G02_Y6_012_128,,,,,1
G15_Y3_041_180,,,,,1
G15_Y2_015_042,,,,,1
G15_Y4_219_256,,,,,1
G09_Y1_DX1_391,,,,,1
G09_Y1_BN1_306,,,,,1
G15_Y3_010_234,,,,,1
G15_Y3_005_277,,,,,1
G15_Y2_008_005,,,,,1
G15_Y3_004_039,,,,,1
G15_Y4_237_331,,,,,1
G15_Y1_AN1_120,,,,,1
G02_Y3_007_134,,,,,1
G15_Y3_015_131,,,,,1
G15_Y5_002_227,,,,,1
G15_Y4_229_340,,,,,1
G15_Y2_005_130,,,,,1
G15_Y6_075_113,,,,,1
G15_Y3_038_308,,,,,1
G15_Y6_084_202,,,,,1
G02_Y4_039_252,,,,,1
G15_Y4_225_137,,,,,1
G02_Y5_071_349,,,,,1
G15_Y5_032_282,,,,,1
G15_Y6_085_058,,,,,1
G15_Y3_004_302,,,,,1
G15_Y6_084_180,,,,,1
G09_Y4_210_063,,,,,1
G15_Y5_005_213,,,,,1
G15_Y2_015_366,,,,,1
G15_Y3_029_093,,,,,1
G15_Y2_008_326,,,,,1
G15_Y3_012_157,,,,,1
G09_Y5_002_086,,,,,1
G15_Y4_231_198,,,,,1
G09_Y1_AX1_191,,,,,1
G02_Y3_012_048,,,,,1
G15_Y2_007_126,,,,,1
G15_Y5_005_247,,,,,1
G09_Y1_AS2_249,,,,,1
G02_Y4_029_005,,,,,1
G02_Y5_071_169,,,,,1
G15_Y4_228_389,,,,,1
G15_Y4_203_293,,,,,1
G15_Y4_234_357,,,,,1
G09_Y1_AN1_065,,,,,1
G09_Y4_240_334,,,,,1
G15_Y5_030_044,,,,,1
G09_Y5_017_032,,,,,1
G02_Y5_055_042,,,,,1
G15_Y4_232_287,,,,,1
G02_Y3_006_330,,,,,1
G02_Y6_013_033,,,,,1
G15_Y4_227_228,,,,,1
G15_Y4_238_118,,,,,1
G15_Y3_001_102,,,,,1
G15_Y6_088_296,,,,,1
G15_Y5_024_057,,,,,1
G15_Y4_241_365,,,,,1
G15_Y5_024_042,,,,,1
G15_Y6_101_154,,,,,1
G15_Y4_222_167,,,,,1
G15_Y3_018_365,,,,,1
G15_Y2_009_111,,,,,1
G09_Y2_012_260,,,,,1
G15_Y5_009_235,,,,,1
G15_Y2_005_020,,,,,1
G12_Y2_035_219,,,,,1
G15_Y4_234_051,,,,,1
G15_Y4_240_117,,,,,1
G15_Y2_004_242,,,,,1
G15_Y4_214_376,,,,,1
G15_Y6_098_275,,,,,1
G09_Y4_236_232,,,,,1
G15_Y1_CS1_331,,,,,1
G15_Y2_017_171,,,,,1
G15_Y4_204_309,,,,,1
G09_Y2_042_251,,,,,1
G12_Y6_040_297,,,,,1
G15_Y4_227_222,,,,,1
G15_Y4_205_295,,,,,1
G15_Y3_001_258,,,,,1
G02_Y4_033_062,,,,,1
G09_Y5_005_069,,,,,1
G15_Y4_212_047,,,,,1
G09_Y2_004_195,,,,,1
G15_Y6_081_246,,,,,1
G15_Y3_032_208,,,,,1
G15_Y4_207_281,,,,,1
G15_Y4_220_107,,,,,1
G15_Y4_227_235,,,,,1
G15_Y3_040_102,,,,,1
G09_Y3_026_292,,,,,1
G15_Y2_008_332,,,,,1
G15_Y4_212_215,,,,,1
G09_Y5_003_375,,,,,1
G15_Y3_036_018,,,,,1
G15_Y2_021_236,,,,,1
G15_Y3_001_025,,,,,1
G15_Y1_ES1_218,,,,,1
G15_Y3_039_185,,,,,1
G02_Y5_101_192,,,,,1
G15_Y3_014_135,,,,,1
G15_Y6_080_166,,,,,1
G12_Y5_031_338,,,,,1
G09_Y4_227_011,,,,,1
G15_Y4_231_275,,,,,1
G15_Y2_014_208,,,,,1
G15_Y2_002_068,,,,,1
G15_Y3_007_124,,,,,1
G09_Y4_210_391,,,,,1
G12_Y1_AS1_078,,,,,1
G15_Y6_098_337,,,,,1
G15_Y1_IN2_166,,,,,1
G15_Y5_030_201,,,,,1
G15_Y4_212_102,,,,,1
G15_Y4_204_016,,,,,1
G15_Y4_225_366,,,,,1
G09_Y1_IN1_391,,,,,1
G15_Y5_029_097,,,,,1
G15_Y2_010_051,,,,,1
G02_Y5_114_396,,,,,1
G15_Y2_019_029,,,,,1
G15_Y3_026_342,,,,,1
G09_Y1_HS1_294,,,,,1
G09_Y5_032_354,,,,,1
G02_Y5_110_388,,,,,1
G09_Y5_004_297,,,,,1
G12_Y3_006_153,,,,,1
G09_Y1_CN1_224,,,,,1
G15_Y1_AS2_191,,,,,1
G15_Y4_233_105,,,,,1
G12_Y1_AS2_180,,,,,1
G15_Y5_030_229,,,,,1
G15_Y1_AS2_063,,,,,1
G15_Y5_005_092,,,,,1
G15_Y4_225_203,,,,,1
G09_Y1_AN1_397,,,,,1
G15_Y4_242_263,,,,,1
G15_Y3_007_061,,,,,1
G15_Y2_017_139,,,,,1
G15_Y3_043_291,,,,,1
G02_Y3_013_357,,,,,1
G02_Y5_113_065,,,,,1
G15_Y4_219_224,,,,,1
G02_Y5_089_032,,,,,1
G15_Y2_004_077,,,,,1
G02_Y5_110_233,,,,,1
G09_Y2_011_241,,,,,1
G12_Y6_051_249,,,,,1
G02_Y5_110_396,,,,,1
G09_Y2_020_384,,,,,1
G15_Y3_021_096,,,,,1
G15_Y3_018_041,,,,,1
G12_Y2_036_324,,,,,1
G15_Y5_021_252,,,,,1
G15_Y2_011_023,,,,,1
G02_Y6_004_365,,,,,1
G12_Y2_012_309,,,,,1
G02_Y3_013_271,,,,,1
G09_Y1_AX1_001,,,,,1
G15_Y1_AS2_052,,,,,1
G15_Y1_IS1_183,,,,,1
G15_Y1_DS1_369,,,,,1
G02_Y4_030_317,,,,,1
G15_Y1_GS1_228,,,,,1
G15_Y4_221_090,,,,,1
G12_Y1_ND3_325,,,,,1
G15_Y1_AS1_323,,,,,1
G15_Y2_003_364,,,,,1
G15_Y1_IN1_180,,,,,1
G15_Y3_002_274,,,,,1
G02_Y3_019_336,,,,,1
G15_Y1_BS2_260,,,,,1
G02_Y4_030_319,,,,,1
G15_Y2_019_195,,,,,1
G15_Y1_FS2_304,,,,,1
G15_Y4_217_026,,,,,1
G15_Y6_070_247,,,,,1
G15_Y5_003_274,,,,,1
G02_Y6_009_010,,,,,1
G15_Y3_013_062,,,,,1
G15_Y2_015_210,,,,,1
G02_Y5_110_095,,,,,1
G09_Y2_041_281,,,,,1
G15_Y1_IS1_342,,,,,1
G02_Y5_088_205,,,,,1
G15_Y4_209_224,,,,,1
G15_Y4_206_262,,,,,1
G15_Y1_CX2_256,,,,,1
G15_Y3_050_130,,,,,1
G15_Y3_016_388,,,,,1
G15_Y3_007_266,,,,,1
G09_Y5_015_139,,,,,1
G15_Y1_HS2_176,,,,,1
G15_Y4_209_106,,,,,1
G15_Y5_021_236,,,,,1
G09_Y5_051_132,,,,,1
G09_Y4_234_130,,,,,1
G15_Y4_229_247,,,,,1
G15_Y3_032_203,,,,,1
G02_Y5_085_118,,,,,1
G15_Y5_034_298,,,,,1
G15_Y4_231_320,,,,,1
G15_Y4_207_395,,,,,1
G15_Y2_017_249,,,,,1
G15_Y2_007_085,,,,,1
G12_Y3_024_067,,,,,1
G15_Y3_007_296,,,,,1
G15_Y3_005_265,,,,,1
G15_Y2_007_208,,,,,1
G15_Y5_023_034,,,,,1
G15_Y4_221_195,,,,,1
G15_Y4_212_077,,,,,1
G02_Y6_004_015,,,,,1
G15_Y4_225_170,,,,,1
G02_Y3_005_226,,,,,1
G02_Y5_086_270,,,,,1
G15_Y3_005_263,,,,,1
G15_Y2_005_257,,,,,1
G09_Y2_027_192,,,,,1
G09_Y6_067_059,,,,,1
G15_Y4_203_187,,,,,1
G12_Y6_054_240,,,,,1
G15_Y1_BS1_232,,,,,1
G15_Y1_GS1_046,,,,,1
G15_Y6_098_234,,,,,1
G12_Y2_009_147,,,,,1
G15_Y5_029_096,,,,,1
G15_Y2_020_326,,,,,1
G15_Y4_211_127,,,,,1
G15_Y3_036_032,,,,,1
G09_Y4_203_094,,,,,1
G02_Y4_038_249,,,,,1
G09_Y1_AN2_295,,,,,1
G15_Y4_216_322,,,,,1
G15_Y2_007_263,,,,,1
G15_Y4_220_360,,,,,1
G15_Y4_226_068,,,,,1
G15_Y2_004_364,,,,,1
G15_Y4_230_066,,,,,1
G09_Y5_016_185,,,,,1
G15_Y2_017_389,,,,,1
G02_Y3_015_036,,,,,1
G09_Y1_FS1_303,,,,,1
G12_Y6_080_126,,,,,1
G15_Y6_095_235,,,,,1
G09_Y4_230_153,,,,,1
G15_Y4_227_336,,,,,1
G09_Y1_AX2_389,,,,,1
G09_Y4_219_260,,,,,1
G15_Y2_012_246,,,,,1
G15_Y5_021_123,,,,,1
G02_Y5_110_392,,,,,1
G15_Y3_001_228,,,,,1
G09_Y5_034_201,,,,,1
G09_Y4_259_287,,,,,1
G15_Y1_HN1_186,,,,,1
G09_Y4_211_051,,,,,1
G15_Y4_232_363,,,,,1
G15_Y4_230_232,,,,,1
G09_Y4_201_184,,,,,1
G15_Y3_009_206,,,,,1
G09_Y4_233_348,,,,,1
G15_Y1_CX1_389,,,,,1
G15_Y4_221_201,,,,,1
G15_Y3_017_006,,,,,1
G15_Y2_012_346,,,,,1
G15_Y3_042_311,,,,,1
G15_Y3_047_177,,,,,1
G15_Y3_043_244,,,,,1
G15_Y1_ES1_330,,,,,1
G09_Y1_GN1_078,,,,,1
G09_Y1_GN2_209,,,,,1
G09_Y1_AN1_301,,,,,1
G15_Y4_212_147,,,,,1
G02_Y5_095_038,,,,,1
G15_Y6_095_222,,,,,1
G02_Y4_027_073,,,,,1
G15_Y1_BN1_095,,,,,1
G02_Y3_019_301,,,,,1
G12_Y2_025_360,,,,,1
G09_Y1_HS2_395,,,,,1
G02_Y3_016_031,,,,,1
G02_Y5_083_025,,,,,1
G12_Y3_012_294,,,,,1
G02_Y6_016_134,,,,,1
G15_Y2_020_015,,,,,1
G09_Y4_243_156,,,,,1
G15_Y1_BX1_394,,,,,1
G15_Y1_IN2_188,,,,,1
G02_Y4_034_369,,,,,1
G02_Y5_110_385,,,,,1
G15_Y1_IS1_032,,,,,1
G09_Y4_248_064,,,,,1
G09_Y5_041_028,,,,,1
G15_Y6_093_218,,,,,1
G15_Y4_238_296,,,,,1
G09_Y3_009_334,,,,,1
G09_Y4_262_376,,,,,1
G15_Y2_019_369,,,,,1
G09_Y2_026_234,,,,,1
G09_Y4_250_122,,,,,1
G15_Y3_001_121,,,,,1
G15_Y2_016_222,,,,,1
G15_Y4_205_343,,,,,1
G15_Y4_224_306,,,,,1
G09_Y4_206_082,,,,,1
G15_Y4_216_121,,,,,1
G09_Y5_053_181,,,,,1
G15_Y4_201_069,,,,,1
G15_Y1_DS2_164,,,,,1
G12_Y6_053_317,,,,,1
G09_Y5_018_170,,,,,1
G12_Y1_CS1_017,,,,,1
G15_Y3_030_017,,,,,1
G09_Y1_CN1_208,,,,,1
G15_Y4_211_164,,,,,1
G15_Y3_052_180,,,,,1
G09_Y6_063_053,,,,,1
G15_Y4_235_194,,,,,1
G15_Y3_032_234,,,,,1
G15_Y6_095_265,,,,,1
G09_Y4_246_245,,,,,1
G15_Y1_BS1_321,,,,,1
G15_Y2_002_074,,,,,1
G09_Y4_211_081,,,,,1
G09_Y3_009_340,,,,,1
G15_Y6_086_299,,,,,1
G15_Y4_237_325,,,,,1
G15_Y3_027_137,,,,,1
G09_Y3_006_037,,,,,1
G15_Y4_212_299,,,,,1
G15_Y1_AN1_222,,,,,1
G15_Y4_201_269,,,,,1
G12_Y6_054_023,,,,,1
G15_Y5_012_209,,,,,1
G09_Y5_006_371,,,,,1
G15_Y3_011_349,,,,,1
G09_Y4_203_357,,,,,1
G09_Y4_261_317,,,,,1
G12_Y1_CX1_131,,,,,1
G09_Y4_237_208,,,,,1
G15_Y4_240_377,,,,,1
G15_Y2_021_278,,,,,1
G09_Y4_216_356,,,,,1
G09_Y1_AN2_204,,,,,1
G15_Y2_015_216,,,,,1
G09_Y4_205_037,,,,,1
G12_Y1_AS1_196,,,,,1
G09_Y1_BX2_167,,,,,1
G15_Y5_024_375,,,,,1
G12_Y5_014_128,,,,,1
G09_Y1_AS2_259,,,,,1
G15_Y6_094_061,,,,,1
G15_Y4_225_354,,,,,1
G12_Y1_IS1_195,,,,,1
G15_Y4_201_241,,,,,1
G15_Y3_034_020,,,,,1
G02_Y6_013_165,,,,,1
G12_Y6_053_179,,,,,1
G15_Y5_061_323,,,,,1
G12_Y1_ND4_332,,,,,1
G09_Y1_EN1_373,,,,,1
G09_Y2_028_203,,,,,1
G09_Y4_201_002,,,,,1
G09_Y2_012_270,,,,,1
G15_Y3_004_332,,,,,1
G09_Y4_222_169,,,,,1
G15_Y4_237_358,,,,,1
G15_Y4_235_338,,,,,1
G15_Y5_035_210,,,,,1
G09_Y4_203_238,,,,,1
G12_Y1_DX1_380,,,,,1
G15_Y1_BN2_283,,,,,1
G15_Y4_237_330,,,,,1
G15_Y3_037_174,,,,,1
G09_Y3_009_352,,,,,1
G09_Y4_231_165,,,,,1
G12_Y3_034_057,,,,,1
G15_Y1_DS1_246,,,,,1
G15_Y6_073_067,,,,,1
G09_Y1_AN2_339,,,,,1
G15_Y1_IS2_225,,,,,1
G15_Y3_032_198,,,,,1
G12_Y6_061_161,,,,,1
G09_Y4_218_112,,,,,1
G15_Y4_224_027,,,,,1
G09_Y4_233_156,,,,,1
G12_Y4_211_266,,,,,1
G15_Y5_005_174,,,,,1
G15_Y4_229_372,,,,,1
G09_Y1_FX2_060,,,,,1
G02_Y5_106_361,,,,,1
G12_Y1_CX1_164,,,,,1
G15_Y3_020_265,,,,,1
G12_Y1_AN1_223,,,,,1
G15_Y2_019_093,,,,,1
G15_Y2_002_361,,,,,1
G09_Y4_252_291,,,,,1
G02_Y6_010_155,,,,,1
G15_Y5_005_358,,,,,1
G12_Y6_061_166,,,,,1
G15_Y1_ES1_242,,,,,1
G09_Y5_032_367,,,,,1
G15_Y5_035_288,,,,,1
G02_Y6_016_184,,,,,1
G09_Y4_214_160,,,,,1
G12_Y6_061_143,,,,,1
G09_Y4_204_284,,,,,1
G12_Y3_022_209,,,,,1
G12_Y5_011_165,,,,,1
G09_Y1_BS2_242,,,,,1
G15_Y1_FN1_257,,,,,1
G02_Y4_035_215,,,,,1
G12_Y2_024_059,,,,,1
G15_Y3_036_187,,,,,1
G12_Y1_CS2_144,,,,,1
G12_Y5_004_012,,,,,1
G09_Y4_223_152,,,,,1
G12_Y6_057_195,,,,,1
G02_Y4_041_374,,,,,1
G09_Y4_201_048,,,,,1
G09_Y2_024_112,,,,,1
G09_Y1_IN2_006,,,,,1
G15_Y4_203_321,,,,,1
G09_Y4_205_357,,,,,1
G09_Y4_211_234,,,,,1
G15_Y3_037_171,,,,,1
G02_Y6_002_138,,,,,1
G15_Y4_235_017,,,,,1
G02_Y6_015_318,,,,,1
G12_Y1_HN1_066,,,,,1
G09_Y4_211_244,,,,,1
G09_Y1_IS2_166,,,,,1
G15_Y4_228_197,,,,,1
G12_Y6_057_040,,,,,1
G09_Y1_AN2_304,,,,,1
G15_Y1_DS1_245,,,,,1
G15_Y1_GN1_101,,,,,1
G09_Y2_019_340,,,,,1
G09_Y1_GN2_205,,,,,1
G12_Y6_052_353,,,,,1
G09_Y4_225_324,,,,,1
G15_Y4_212_265,,,,,1
G12_Y5_028_328,,,,,1
G09_Y2_041_136,,,,,1
G09_Y1_CN1_313,,,,,1
G12_Y1_DS2_113,,,,,1
G09_Y2_035_240,,,,,1
G02_Y5_114_011,,,,,1
G15_Y3_009_349,,,,,1
G15_Y1_DN2_152,,,,,1
G09_Y1_BX1_162,,,,,1
G12_Y1_GS1_213,,,,,1
G09_Y1_BS1_334,,,,,1
G15_Y1_DS2_109,,,,,1
G12_Y3_026_251,,,,,1
G15_Y1_GN1_242,,,,,1
G09_Y4_232_255,,,,,1
G09_Y1_DX2_253,,,,,1
G15_Y5_009_214,,,,,1
G09_Y1_ES2_255,,,,,1
G12_Y1_GS1_188,,,,,1
G09_Y2_040_376,,,,,1
G12_Y6_056_059,,,,,1
G09_Y2_005_009,,,,,1
G12_Y1_CX1_370,,,,,1
G15_Y3_004_276,,,,,1
G09_Y4_221_055,,,,,1
G02_Y6_003_165,,,,,1
G09_Y1_ES1_056,,,,,1
G09_Y4_233_315,,,,,1
G15_Y2_004_220,,,,,1
G12_Y1_IN1_328,,,,,1
G09_Y1_AX2_240,,,,,1
G09_Y1_CN1_308,,,,,1
G15_Y2_010_035,,,,,1
G12_Y1_ES1_274,,,,,1
G09_Y2_041_209,,,,,1
G15_Y1_GS2_335,,,,,1
G15_Y6_072_379,,,,,1
G09_Y4_212_332,,,,,1
G09_Y4_214_093,,,,,1
G09_Y4_204_005,,,,,1
G09_Y4_233_101,,,,,1
G09_Y4_212_256,,,,,1
G15_Y2_001_247,,,,,1
G09_Y1_GX1_358,,,,,1
G09_Y4_247_007,,,,,1
G15_Y5_064_147,,,,,1
G15_Y1_IN1_055,,,,,1
G09_Y2_002_340,,,,,1
G09_Y6_062_043,,,,,1
G09_Y4_235_196,,,,,1
G15_Y2_012_105,,,,,1
G15_Y6_082_191,,,,,1
G12_Y3_028_261,,,,,1
G09_Y1_CX2_376,,,,,1
G09_Y4_201_044,,,,,1
G15_Y3_021_213,,,,,1
G09_Y2_010_071,,,,,1
G09_Y4_247_065,,,,,1
G15_Y3_021_136,,,,,1
G09_Y1_EX2_345,,,,,1
G02_Y5_051_297,,,,,1
G12_Y1_FN1_363,,,,,1
G12_Y1_GS2_324,,,,,1
G15_Y3_007_376,,,,,1
G12_Y1_HS2_381,,,,,1
G02_Y4_045_195,,,,,1
G15_Y1_HN1_033,,,,,1
G12_Y5_027_156,,,,,1
G12_Y1_ES1_161,,,,,1
G09_Y5_011_034,,,,,1
G09_Y4_205_317,,,,,1
G02_Y5_085_112,,,,,1
G15_Y1_HN1_127,,,,,1
G09_Y4_261_394,,,,,1
G12_Y3_047_307,,,,,1
G12_Y1_CS1_284,,,,,1
G09_Y2_014_190,,,,,1
G15_Y5_010_248,,,,,1
G09_Y4_211_154,,,,,1
G15_Y4_226_201,,,,,1
G12_Y3_022_009,,,,,1
G09_Y3_017_031,,,,,1
G09_Y1_HS2_268,,,,,1
G12_Y5_020_028,,,,,1
G15_Y1_BN2_036,,,,,1
G12_Y1_DS1_040,,,,,1
G12_Y6_058_051,,,,,1
G09_Y1_AS1_194,,,,,1
G09_Y1_CX2_211,,,,,1
G09_Y1_DS1_059,,,,,1
G15_Y5_033_195,,,,,1
G15_Y4_205_307,,,,,1
G02_Y4_029_073,,,,,1
G09_Y4_204_326,,,,,1
G09_Y6_074_208,,,,,1
G09_Y1_FX2_337,,,,,1
G12_Y5_011_294,,,,,1
G09_Y4_244_230,,,,,1
G09_Y2_029_230,,,,,1
G02_Y6_010_280,,,,,1
G15_Y1_AN2_306,,,,,1
G09_Y1_CX2_175,,,,,1
G02_Y6_010_202,,,,,1
G12_Y1_GS2_040,,,,,1
G09_Y1_FX2_142,,,,,1
G09_Y2_022_046,,,,,1
G12_Y1_ES2_127,,,,,1
G02_Y3_009_319,,,,,1
G12_Y1_EX2_138,,,,,1
G15_Y1_DS1_230,,,,,1
G09_Y2_002_352,,,,,1
G15_Y2_014_343,,,,,1
G09_Y4_211_198,,,,,1
G09_Y1_CN2_399,,,,,1
G09_Y4_213_278,,,,,1
G09_Y4_207_273,,,,,1
G15_Y1_GS1_287,,,,,1
G09_Y4_215_041,,,,,1
G02_Y6_010_380,,,,,1
G12_Y1_DND1_384,,,,,1
G15_Y2_021_303,,,,,1
G02_Y3_014_048,,,,,1
G09_Y4_211_212,,,,,1
G09_Y1_BS1_313,,,,,1
G02_Y6_013_228,,,,,1
G09_Y4_257_011,,,,,1
G12_Y1_ES1_165,,,,,1
G09_Y6_063_140,,,,,1
G09_Y3_006_197,,,,,1
G09_Y1_ES1_061,,,,,1
G15_Y1_DS2_216,,,,,1
G12_Y1_ES1_130,,,,,1
G09_Y1_IS1_274,,,,,1
G15_Y6_086_232,,,,,1
G12_Y2_038_008,,,,,1
G09_Y4_233_097,,,,,1
G09_Y1_DS1_063,,,,,1
G09_Y5_035_183,,,,,1
G09_Y1_BX1_299,,,,,1
G02_Y6_013_107,,,,,1
G15_Y5_021_084,,,,,1
G15_Y3_004_001,,,,,1
G09_Y6_093_388,,,,,1
G09_Y1_CS1_207,,,,,1
G12_Y1_DS2_185,,,,,1
G09_Y1_AS1_203,,,,,1
G12_Y1_EX2_079,,,,,1
G09_Y1_BX1_042,,,,,1
G12_Y3_010_359,,,,,1
G15_Y5_023_041,,,,,1
G09_Y5_030_234,,,,,1
G09_Y2_020_344,,,,,1
G12_Y1_CX1_237,,,,,1
G09_Y4_233_270,,,,,1
G02_Y5_085_021,,,,,1
G09_Y4_238_357,,,,,1
G15_Y1_GN1_011,,,,,1
G09_Y2_040_123,,,,,1
G02_Y6_012_155,,,,,1
G15_Y2_007_139,,,,,1
G09_Y4_210_149,,,,,1
G09_Y1_FX2_257,,,,,1
G15_Y5_033_317,,,,,1
G09_Y2_023_047,,,,,1
G12_Y2_041_358,,,,,1
G15_Y5_005_104,,,,,1
G09_Y1_BX2_336,,,,,1
G09_Y4_259_374,,,,,1
G09_Y1_IS2_369,,,,,1
G09_Y4_230_133,,,,,1
G09_Y1_HN1_022,,,,,1
G09_Y1_AX2_013,,,,,1
G15_Y4_230_125,,,,,1
G12_Y5_025_315,,,,,1
G09_Y5_010_164,,,,,1
G12_Y1_CN1_305,,,,,1
G15_Y1_GN1_388,,,,,1
G09_Y2_034_185,,,,,1
G09_Y1_AX2_185,,,,,1
G02_Y6_009_079,,,,,1
G15_Y2_004_180,,,,,1
G02_Y5_079_053,,,,,1
G09_Y2_024_016,,,,,1
G15_Y1_CX1_209,,,,,1
G09_Y4_214_155,,,,,1
G15_Y4_221_124,,,,,1
G09_Y1_AN2_188,,,,,1
G09_Y1_GS2_052,,,,,1
G12_Y1_FS1_208,,,,,1
G15_Y1_CS2_177,,,,,1
G15_Y4_242_210,,,,,1
G09_Y1_CN2_174,,,,,1
G15_Y1_FN1_357,,,,,1
G12_Y3_021_206,,,,,1
G09_Y4_220_317,,,,,1
G09_Y2_029_342,,,,,1
G02_Y5_110_393,,,,,1
G12_Y6_057_171,,,,,1
G15_Y5_004_305,,,,,1
G09_Y1_GS2_296,,,,,1
G09_Y4_225_334,,,,,1
G12_Y1_CX2_233,,,,,1
G12_Y2_001_156,,,,,1
G09_Y4_201_274,,,,,1
G09_Y1_AX2_320,,,,,1
G12_Y1_FS2_179,,,,,1
G15_Y5_005_198,,,,,1
G09_Y1_test_321,,,,,1
G09_Y3_026_323,,,,,1
G09_Y3_004_218,,,,,1
G15_Y1_DS2_220,,,,,1
G02_Y6_009_199,,,,,1
G09_Y5_033_332,,,,,1
G15_Y4_201_376,,,,,1
G09_Y4_208_213,,,,,1
G09_Y1_CN2_068,,,,,1
G09_Y3_012_231,,,,,1
G15_Y5_010_270,,,,,1
G09_Y1_CX1_362,,,,,1
G15_Y1_CS2_320,,,,,1
G12_Y5_004_133,,,,,1
G09_Y1_AX2_161,,,,,1
G02_Y6_015_157,,,,,1
G09_Y2_005_397,,,,,1
G15_Y3_037_134,,,,,1
G12_Y1_ND4_079,,,,,1
G09_Y1_DS1_142,,,,,1
G09_Y1_CX2_020,,,,,1
G12_Y1_ND1_137,,,,,1
G02_Y5_077_182,,,,,1
G09_Y1_DX1_363,,,,,1
G02_Y6_017_241,,,,,1
G09_Y1_GS1_173,,,,,1
G12_Y1_HND1_327,,,,,1
G12_Y1_AT_242,,,,,1
G12_Y2_030_201,,,,,1
G09_Y1_ES1_305,,,,,1
G02_Y5_085_001,,,,,1
G02_Y4_021_017,,,,,1
G15_Y1_AS1_220,,,,,1
G12_Y1_ES1_088,,,,,1
G15_Y1_DS2_239,,,,,1
G09_Y2_033_333,,,,,1
G09_Y4_201_257,,,,,1
G09_Y1_IS1_294,,,,,1
G09_Y1_CN2_349,,,,,1
G15_Y1_DS2_299,,,,,1
G02_Y5_071_340,,,,,1
G02_Y6_010_228,,,,,1
G02_Y6_009_398,,,,,1
G02_Y5_077_185,,,,,1
G12_Y1_FN1_311,,,,,1
G09_Y1_BN1_328,,,,,1
G15_Y1_BS2_166,,,,,1
G12_Y2_002_248,,,,,1
G15_Y1_DS2_275,,,,,1
G09_Y4_203_254,,,,,1
G09_Y4_205_319,,,,,1
G15_Y4_230_244,,,,,1
G12_Y1_DS2_364,,,,,1
G09_Y1_BS1_308,,,,,1
G02_Y5_083_061,,,,,1
G12_Y1_BX2_204,,,,,1
G09_Y1_DS2_074,,,,,1
G02_Y3_016_369,,,,,1
G09_Y1_BX2_191,,,,,1
G09_Y1_HS2_234,,,,,1
G15_Y4_243_093,,,,,1
G09_Y1_BX2_049,,,,,1
G12_Y1_CS1_186,,,,,1
G12_Y1_FN1_275,,,,,1
G09_Y1_IS1_392,,,,,1
G09_Y1_ES2_299,,,,,1
G15_Y4_219_226,,,,,1
G12_Y1_GS2_099,,,,,1
G09_Y3_005_044,,,,,1
G09_Y1_FX2_368,,,,,1
G09_Y1_AS2_228,,,,,1
G02_Y6_017_113,,,,,1
G15_Y1_DS2_271,,,,,1
G12_Y1_DN1_386,,,,,1
G02_Y6_015_159,,,,,1
G15_Y4_219_289,,,,,1
G09_Y2_002_119,,,,,1
G09_Y1_AN1_242,,,,,1
G02_Y5_076_264,,,,,1
G02_Y6_013_160,,,,,1
G02_Y6_003_321,,,,,1
G09_Y1_BN2_278,,,,,1
G09_Y1_AS1_130,,,,,1
G09_Y1_GS1_296,,,,,1
G12_Y3_015_239,,,,,1
G15_Y1_BS1_399,,,,,1
G09_Y4_222_196,,,,,1
G15_Y6_075_303,,,,,1
G12_Y1_CS2_363,,,,,1
G15_Y1_DS2_253,,,,,1
G15_Y2_021_213,,,,,1
G09_Y2_024_009,,,,,1
G09_Y4_211_238,,,,,1
G09_Y1_HN1_327,,,,,1
G09_Y4_213_355,,,,,1
G09_Y4_212_131,,,,,1
G09_Y4_239_049,,,,,1
G15_Y1_GN1_161,,,,,1
G02_Y6_010_123,,,,,1
G15_Y2_023_183,,,,,1
G09_Y3_017_140,,,,,1
G09_Y4_223_025,,,,,1
G15_Y1_DS1_233,,,,,1
G09_Y1_IS1_292,,,,,1
G12_Y1_CX1_393,,,,,1
G02_Y6_009_397,,,,,1
G12_Y1_CN1_376,,,,,1
G15_Y1_DS1_248,,,,,1
G15_Y2_011_197,,,,,1
G02_Y3_013_193,,,,,1
G09_Y1_CN2_222,,,,,1
G12_Y3_015_235,,,,,1
G09_Y1_AN1_128,,,,,1
G15_Y3_007_269,,,,,1
G12_Y4_204_183,,,,,1
G09_Y1_EN2_370,,,,,1
G12_Y4_209_121,,,,,1
G09_Y1_FS2_043,,,,,1
G09_Y1_AS1_389,,,,,1
G15_Y1_DS2_247,,,,,1
G09_Y1_CS1_164,,,,,1
G02_Y5_052_251,,,,,1
G09_Y1_AS2_128,,,,,1
G09_Y1_EX2_089,,,,,1
G12_Y1_BS2_209,,,,,1
G02_Y6_016_345,,,,,1
G09_Y4_226_349,,,,,1
G02_Y6_012_120,,,,,1
G15_Y4_201_140,,,,,1
G15_Y3_007_205,,,,,1
G09_Y5_004_331,,,,,1
G12_Y1_BX1_228,,,,,1
G09_Y2_002_186,,,,,1
G09_Y1_DN2_030,,,,,1
G15_Y1_CX1_087,,,,,1
G09_Y1_GS1_238,,,,,1
G09_Y4_257_289,,,,,1
G12_Y1_FS1_138,,,,,1
G09_Y1_FS1_389,,,,,1
G09_Y3_003_025,,,,,1
G09_Y1_EN1_148,,,,,1
G02_Y5_114_354,,,,,1
G15_Y5_064_098,,,,,1
G02_Y6_009_006,,,,,1
G02_Y6_012_378,,,,,1
G12_Y1_ES2_147,,,,,1
G09_Y1_EN1_035,,,,,1
G12_Y1_AX1_371,,,,,1
G09_Y1_EN2_091,,,,,1
G09_Y4_232_006,,,,,1
G09_Y4_214_124,,,,,1
G09_Y1_GN2_153,,,,,1
G09_Y1_BX1_205,,,,,1
G15_Y1_GN1_132,,,,,1
G09_Y1_AX1_297,,,,,1
G09_Y1_CS1_286,,,,,1
G12_Y3_019_332,,,,,1
G09_Y4_211_340,,,,,1
G09_Y4_211_196,,,,,1
G09_Y2_024_378,,,,,1
G15_Y1_ES2_299,,,,,1
G15_Y1_EN2_179,,,,,1
G02_Y6_017_205,,,,,1
G09_Y1_DS1_283,,,,,1
G02_Y5_088_107,,,,,1
G09_Y1_GX1_363,,,,,1
G02_Y6_012_124,,,,,1
G09_Y2_004_178,,,,,1
G12_Y1_DX2_154,,,,,1
G12_Y1_FS1_222,,,,,1
G12_Y1_BND1_349,,,,,1
G09_Y4_207_171,,,,,1
G09_Y1_AN1_309,,,,,1
G02_Y6_016_091,,,,,1
G02_Y6_010_029,,,,,1
G02_Y6_009_007,,,,,1
G09_Y1_AN2_396,,,,,1
G09_Y2_008_256,,,,,1
G02_Y4_042_163,,,,,1
G12_Y1_AS2_325,,,,,1
G02_Y6_009_399,,,,,1
G09_Y1_DS2_112,,,,,1
G09_Y4_244_064,,,,,1
G12_Y1_BND1_248,,,,,1
G09_Y2_019_158,,,,,1
G02_Y6_008_114,,,,,1
G15_Y2_012_148,,,,,1
G09_Y2_035_315,,,,,1
G12_Y2_044_149,,,,,1
G15_Y1_CS1_320,,,,,1
G09_Y2_002_029,,,,,1
G15_Y1_DS2_236,,,,,1
G12_Y1_BS1_067,,,,,1
G02_Y6_008_099,,,,,1
G15_Y1_IS2_272,,,,,1
G15_Y1_DS1_239,,,,,1
G15_Y2_023_386,,,,,1
G02_Y6_015_164,,,,,1
G02_Y6_016_105,,,,,1
G09_Y1_EN2_346,,,,,1
G02_Y6_015_189,,,,,1
G02_Y6_016_324,,,,,1
G02_Y6_008_294,,,,,1
G15_Y2_001_301,,,,,1
G02_Y6_015_173,,,,,1
G15_Y4_202_040,,,,,1
G02_Y4_043_376,1,,,,
G15_Y6_075_287,1,,,,
G15_Y5_032_027,1,,,,
G15_Y5_007_336,1,,,,
G15_Y6_096_361,1,,,,
G15_Y6_073_278,1,,,,
G15_Y2_020_054,1,,,,
G15_Y6_070_079,1,,,,
G15_Y4_202_280,1,,,,
G15_Y3_007_338,,,,,1
G15_Y6_085_029,1,,,,
G15_Y5_003_209,1,,,,
G09_Y6_061_245,1,,,,
G15_Y6_089_105,1,,,,
G09_Y6_065_239,1,,,,
G15_Y6_089_126,1,,,,
G15_Y5_004_336,1,,,,
G09_Y5_014_356,1,,,,
G15_Y6_083_130,1,,,,
G15_Y2_017_109,1,,,,
G15_Y5_029_267,1,,,,
G12_Y2_014_043,1,,,,
G15_Y4_229_271,1,,,,
G15_Y5_030_308,1,,,,
G15_Y2_017_127,1,,,,
G15_Y4_203_329,1,,,,
G09_Y6_090_356,1,,,,
G15_Y5_022_331,1,,,,
G12_Y3_031_074,1,,,,
G15_Y4_209_185,1,,,,
G09_Y5_018_094,1,,,,
G15_Y3_041_130,1,,,,
G15_Y3_029_130,1,,,,
G12_Y6_056_082,1,,,,
G15_Y5_029_105,1,,,,
G09_Y3_015_208,1,,,,
G15_Y1_CN2_079,1,,,,
G15_Y1_DS1_264,1,,,,
G15_Y4_204_074,1,,,,
G12_Y6_070_138,1,,,,
G09_Y1_BN1_071,1,,,,
G15_Y1_CN1_104,1,,,,
G15_Y3_041_296,1,,,,
G15_Y5_004_140,1,,,,
G15_Y3_051_218,1,,,,
G09_Y4_251_131,1,,,,
G15_Y4_219_211,1,,,,
G09_Y1_BN2_064,1,,,,
G09_Y2_022_072,1,,,,
G09_Y1_BS1_021,1,,,,
G15_Y3_034_316,1,,,,
G15_Y3_042_340,1,,,,
G15_Y4_236_230,1,,,,
G15_Y1_CN1_095,1,,,,
G02_Y6_015_175,1,,,,
G09_Y3_027_068,1,,,,
G15_Y3_042_195,1,,,,
G09_Y1_CS2_203,1,,,,
G12_Y3_022_073,1,,,,
G12_Y1_BS2_096,1,,,,
G02_Y5_092_255,1,,,,
G15_Y6_073_086,1,,,,
G15_Y4_204_233,1,,,,
G12_Y1_ND4_289,1,,,,
G09_Y4_245_204,1,,,,
G09_Y1_IS2_303,1,,,,
G15_Y4_210_309,1,,,,
G12_Y3_018_140,1,,,,
G12_Y6_055_227,1,,,,
G12_Y6_060_263,,,,,1
G15_Y1_BN1_309,1,,,,
G09_Y2_024_273,1,,,,
G15_Y1_DN2_132,1,,,,
G15_Y3_037_184,1,,,,
G15_Y5_003_025,1,,,,
G15_Y3_011_398,1,,,,
G15_Y2_019_398,1,,,,
G15_Y1_CS1_291,1,,,,
G12_Y5_010_025,1,,,,
G09_Y1_AS1_361,1,,,,
G15_Y1_DS2_224,1,,,,
G12_Y2_031_107,1,,,,
G12_Y6_080_102,1,,,,
G15_Y4_203_214,1,,,,
G09_Y1_EN2_291,1,,,,
G15_Y1_GN1_083,1,,,,
G15_Y3_002_235,1,,,,
G15_Y5_029_201,1,,,,
G12_Y6_056_081,1,,,,
G12_Y1_HS1_349,1,,,,
G15_Y3_049_207,,1,,,
G15_Y4_213_037,,1,,,
G15_Y4_203_374,,1,,,
G15_Y6_088_115,,1,,,
G15_Y4_203_384,,1,,,
G15_Y4_236_211,,1,,,
G15_Y3_016_249,,1,,,
G15_Y5_020_216,,1,,,
G15_Y4_236_333,,1,,,
G15_Y6_086_353,,1,,,
G09_Y3_021_210,,1,,,
G15_Y5_028_248,,1,,,
G09_Y2_020_046,,1,,,
G15_Y4_207_078,,1,,,
G15_Y4_236_165,,1,,,
G15_Y5_012_099,,1,,,
G15_Y3_014_361,,1,,,
G09_Y4_217_165,,1,,,
G15_Y4_232_103,,1,,,
G15_Y4_238_060,,1,,,
G09_Y4_259_104,,1,,,
G15_Y6_090_289,,1,,,
G15_Y3_035_043,,1,,,
G15_Y4_219_123,,1,,,
G02_Y4_001_380,,1,,,
G15_Y5_001_238,,1,,,
G15_Y6_088_021,,1,,,
G15_Y4_236_083,,1,,,
G15_Y6_092_127,,1,,,
G15_Y6_076_025,,1,,,
G15_Y4_211_371,,1,,,
G15_Y6_093_131,,1,,,
G15_Y3_032_102,,1,,,
G15_Y6_085_353,,1,,,
G15_Y3_045_338,,1,,,
G15_Y6_096_255,,1,,,
G15_Y6_096_226,,1,,,
G02_Y5_061_003,,1,,,
G15_Y2_015_245,,1,,,
G15_Y1_CN1_068,,1,,,
G02_Y3_004_039,,1,,,
G15_Y6_092_109,,1,,,
G12_Y2_031_024,,1,,,
G15_Y2_018_052,,1,,,
G15_Y4_214_268,,1,,,
G15_Y6_097_074,,1,,,
G15_Y6_076_298,,1,,,
G15_Y5_025_216,,1,,,
G15_Y2_022_074,,1,,,
G15_Y1_GX2_322,,1,,,
G15_Y5_005_395,,1,,,
G15_Y6_075_230,,1,,,
G15_Y5_060_267,,1,,,
G15_Y5_034_373,,1,,,
G15_Y4_206_355,,1,,,
G15_Y5_061_238,,1,,,
G15_Y5_002_220,,1,,,
G12_Y1_CX2_045,,1,,,
G09_Y4_204_266,,1,,,
G15_Y3_036_219,,1,,,
G15_Y5_003_271,,1,,,
G09_Y6_060_358,,1,,,
G15_Y5_025_262,,1,,,
G15_Y6_085_089,,1,,,
G15_Y5_030_267,,1,,,
G15_Y4_216_037,,1,,,
G12_Y3_001_088,,1,,,
G15_Y3_030_248,,1,,,
G09_Y4_236_260,,1,,,
G15_Y6_093_363,,1,,,
G12_Y6_054_097,,1,,,
G02_Y4_032_339,,1,,,
G02_Y6_016_181,,1,,,
G15_Y3_052_237,,1,,,
G09_Y5_030_094,,1,,,
G09_Y6_066_244,,1,,,
G15_Y6_079_176,,1,,,
G15_Y6_075_057,,1,,,
G15_Y6_077_245,,1,,,
G15_Y6_087_015,,1,,,
G15_Y5_029_177,,1,,,
G12_Y3_003_115,,1,,,
G15_Y4_232_298,,1,,,
G09_Y5_003_254,,1,,,
G15_Y3_033_137,,1,,,
G15_Y3_030_243,,1,,,
G02_Y3_015_214,,1,,,
G15_Y5_022_032,,1,,,
G15_Y6_099_212,,1,,,
G15_Y5_029_070,,1,,,
G15_Y4_212_108,,1,,,
G15_Y6_086_156,,1,,,
G02_Y6_010_383,,1,,,
G15_Y6_096_238,,1,,,
G15_Y2_018_199,,1,,,
G15_Y6_080_273,,1,,,
G15_Y2_017_084,,1,,,
G02_Y6_003_005,,1,,,
G15_Y5_022_284,,1,,,
G15_Y6_074_071,,1,,,
G09_Y1_BN1_367,,1,,,
G09_Y6_064_356,,1,,,
G15_Y6_074_102,,1,,,
G09_Y5_016_096,,1,,,
G15_Y6_085_185,,1,,,
G15_Y5_010_383,,1,,,
G15_Y6_083_012,,1,,,
G15_Y6_085_222,,1,,,
G09_Y2_004_153,,1,,,
G15_Y5_060_356,,1,,,
G15_Y6_100_134,,1,,,
G09_Y3_001_355,,1,,,
G15_Y6_084_209,,1,,,
G09_Y5_003_046,,1,,,
G15_Y6_074_352,,1,,,
G15_Y5_030_297,,1,,,
G15_Y5_035_052,,1,,,
G15_Y4_233_072,,1,,,
G15_Y3_032_223,,1,,,
G15_Y2_007_094,,1,,,
G15_Y3_033_122,,1,,,
G15_Y5_033_219,,1,,,
G15_Y5_028_093,,1,,,
G15_Y3_047_243,,1,,,
G02_Y5_074_196,,1,,,
G15_Y6_086_140,,1,,,
G15_Y3_051_148,,1,,,
G15_Y6_081_038,,1,,,
G15_Y4_232_316,,1,,,
G15_Y2_015_212,,1,,,
G02_Y5_080_292,,1,,,
G15_Y4_242_072,,1,,,
G09_Y4_263_362,,1,,,
G15_Y1_HN1_257,,1,,,
G15_Y6_097_017,,1,,,
G15_Y3_032_222,,1,,,
G09_Y5_014_162,,1,,,
G15_Y5_034_299,,1,,,
G12_Y6_054_279,,1,,,
G12_Y5_021_052,,1,,,
G15_Y4_236_358,,1,,,
G15_Y4_242_106,,1,,,
G15_Y6_087_062,,1,,,
G12_Y2_037_359,,1,,,
G15_Y6_089_044,,1,,,
G15_Y5_010_266,,1,,,
G15_Y3_035_167,,1,,,
G09_Y6_066_238,,1,,,
G15_Y5_004_154,,1,,,
G12_Y6_054_121,,1,,,
G15_Y3_010_322,,1,,,
G15_Y5_023_069,,1,,,
G15_Y3_014_048,,1,,,
G15_Y6_088_363,,1,,,
G09_Y4_254_267,,1,,,
G02_Y3_012_126,,1,,,
G15_Y5_022_301,,1,,,
G02_Y3_005_131,,1,,,
G15_Y3_034_318,,1,,,
G15_Y5_003_221,,1,,,
G15_Y3_012_109,,1,,,
G15_Y3_034_374,,1,,,
G15_Y6_084_232,,1,,,
G15_Y6_093_371,,1,,,
G15_Y5_035_044,,1,,,
G12_Y6_061_215,,1,,,
G09_Y5_015_289,,1,,,
G02_Y6_016_124,,1,,,
G15_Y4_223_057,,1,,,
G15_Y6_087_019,,1,,,
G09_Y5_001_328,,1,,,
G15_Y6_098_334,,1,,,
G15_Y4_213_074,,1,,,
G02_Y5_072_193,,1,,,
G15_Y4_203_311,,1,,,
G15_Y4_215_238,,1,,,
G15_Y3_006_211,,1,,,
G09_Y4_251_098,,1,,,
G15_Y4_242_009,,1,,,
G09_Y4_216_120,,1,,,
G12_Y6_053_347,,1,,,
G15_Y3_001_007,,1,,,
G15_Y6_080_078,,1,,,
G15_Y6_088_169,,1,,,
G15_Y6_093_016,,1,,,
G02_Y5_106_356,,1,,,
G15_Y1_ES2_090,,1,,,
G15_Y4_235_325,,1,,,
G15_Y2_007_131,,1,,,
G09_Y5_001_163,,1,,,
G12_Y5_026_123,,1,,,
G15_Y3_012_032,,1,,,
G15_Y6_100_198,,1,,,
G09_Y4_237_217,,1,,,
G15_Y2_017_017,,1,,,
G09_Y2_006_105,,1,,,
G15_Y6_081_118,,1,,,
G15_Y5_009_220,,1,,,
G09_Y1_AS1_095,,1,,,
G15_Y6_094_313,,1,,,
G15_Y4_229_265,,1,,,
G12_Y4_212_272,,1,,,
G15_Y4_219_072,,1,,,
G15_Y3_042_257,,1,,,
G09_Y5_030_108,,1,,,
G15_Y5_023_134,,1,,,
G15_Y4_205_335,,1,,,
G15_Y5_003_006,,1,,,
G12_Y1_IS2_018,,1,,,
G15_Y6_098_380,,1,,,
G09_Y6_068_328,,1,,,
G15_Y6_085_033,,1,,,
G09_Y1_IS1_216,,1,,,
G15_Y6_074_103,,1,,,
G15_Y5_022_268,,1,,,
G15_Y5_012_068,,1,,,
G15_Y4_236_224,,1,,,
G15_Y5_030_270,,1,,,
G15_Y4_223_164,,1,,,
G09_Y1_DN1_070,,1,,,
G09_Y4_235_368,,1,,,
G15_Y3_008_125,,1,,,
G09_Y4_221_303,,1,,,
G12_Y2_012_280,,1,,,
G09_Y4_214_271,,1,,,
G09_Y2_023_069,,1,,,
G12_Y3_037_331,,1,,,
G15_Y4_225_245,,1,,,
G15_Y5_034_008,,1,,,
G09_Y5_016_230,,1,,,
G15_Y1_EN1_048,,1,,,
G09_Y1_CN1_263,,1,,,
G09_Y5_003_255,,1,,,
G15_Y6_100_048,,1,,,
G15_Y4_226_276,,1,,,
G15_Y4_238_048,,1,,,
G15_Y4_211_280,,1,,,
G09_Y1_BS1_069,,1,,,
G15_Y2_017_054,,1,,,
G15_Y6_087_080,,1,,,
G15_Y4_241_157,,1,,,
G12_Y1_ND2_344,,1,,,
G09_Y4_245_331,,1,,,
G15_Y4_231_317,,1,,,
G15_Y3_001_104,,1,,,
G15_Y5_029_331,,1,,,
G15_Y5_006_018,,1,,,
G15_Y2_013_237,,1,,,
G15_Y3_047_332,,1,,,
G15_Y3_033_195,,1,,,
G15_Y5_060_311,,1,,,
G12_Y3_025_398,,1,,,
G12_Y1_IS1_286,,1,,,
G15_Y3_032_225,,1,,,
G12_Y6_056_089,,1,,,
G15_Y6_093_018,,1,,,
G09_Y1_FN2_229,,1,,,
G15_Y6_094_372,,1,,,
G09_Y4_252_190,,1,,,
G15_Y3_035_212,,1,,,
G09_Y1_FX2_147,,1,,,
G09_Y4_244_160,,1,,,
G15_Y6_073_299,,1,,,
G09_Y4_227_049,,1,,,
G15_Y5_030_030,,1,,,
G15_Y3_034_240,,1,,,
G15_Y6_096_102,,1,,,
G15_Y3_032_197,,1,,,
G09_Y4_236_254,,1,,,
G15_Y6_087_109,,1,,,
G09_Y3_001_042,,1,,,
G15_Y6_089_118,,1,,,
G15_Y3_032_026,,1,,,
G15_Y6_082_253,,1,,,
G15_Y2_019_086,,1,,,
G15_Y1_DN1_143,,1,,,
G15_Y4_217_336,,1,,,
G09_Y2_004_241,,1,,,
G15_Y5_028_078,,1,,,
G15_Y1_AN1_322,,1,,,
G09_Y4_257_032,,1,,,
G15_Y6_085_124,,1,,,
G15_Y4_230_053,,1,,,
G15_Y3_029_133,,1,,,
G15_Y3_044_383,,1,,,
G15_Y6_099_092,,1,,,
G02_Y4_040_219,,1,,,
G09_Y3_016_024,,1,,,
G15_Y6_100_338,,1,,,
G15_Y4_231_343,,1,,,
G09_Y3_022_304,,1,,,
G15_Y6_083_317,,1,,,
G15_Y6_084_224,,1,,,
G15_Y3_015_059,,1,,,
G15_Y6_098_146,,1,,,
G15_Y5_032_349,,1,,,
G15_Y3_034_227,,1,,,
G15_Y5_033_329,,1,,,
G12_Y1_DX2_355,,1,,,
G15_Y4_218_313,,1,,,
G09_Y2_037_071,,1,,,
G15_Y2_002_061,,1,,,
G09_Y6_061_284,,1,,,
G15_Y3_036_229,,1,,,
G15_Y3_004_365,,1,,,
G09_Y6_065_207,,1,,,
G15_Y3_038_265,,1,,,
G09_Y2_012_089,,1,,,
G12_Y1_IN1_336,,1,,,
G15_Y3_030_030,,1,,,
G09_Y1_BN1_084,,1,,,
G12_Y6_054_022,,1,,,
G15_Y2_019_097,,1,,,
G15_Y3_049_367,,1,,,
G12_Y3_043_082,,1,,,
G12_Y6_054_105,,1,,,
G15_Y3_005_289,,1,,,
G15_Y5_032_363,,1,,,
G15_Y6_073_198,,1,,,
G15_Y6_077_107,,1,,,
G09_Y4_244_215,,1,,,
G15_Y4_205_309,,1,,,
G15_Y3_051_125,,1,,,
G12_Y2_035_271,,1,,,
G15_Y5_033_105,,1,,,
G12_Y6_070_188,,1,,,
G09_Y2_010_022,,1,,,
G15_Y3_052_219,,1,,,
G09_Y6_068_392,,1,,,
G15_Y3_042_297,,1,,,
G15_Y6_098_376,,1,,,
G15_Y6_086_015,,1,,,
G15_Y6_099_202,,1,,,
G09_Y2_029_268,,1,,,
G09_Y6_061_201,,1,,,
G02_Y3_003_075,,1,,,
G09_Y6_066_216,,1,,,
G12_Y6_056_232,,1,,,
G09_Y2_041_135,,1,,,
G15_Y3_027_066,,1,,,
G15_Y3_007_120,,1,,,
G09_Y4_241_324,,1,,,
G09_Y4_245_152,,1,,,
G15_Y5_002_138,,1,,,
G15_Y6_081_176,,1,,,
G09_Y5_053_184,,1,,,
G15_Y6_075_269,,1,,,
G09_Y2_026_008,,1,,,
G02_Y3_019_129,,1,,,
G15_Y1_IS1_056,,1,,,
G12_Y1_ND3_388,,1,,,
G12_Y3_037_136,,1,,,
G12_Y1_FS2_132,,1,,,
G15_Y6_080_073,,1,,,
G15_Y3_018_336,,1,,,
G15_Y6_084_146,,1,,,
G12_Y6_054_011,,1,,,
G09_Y2_019_181,,1,,,
G02_Y5_059_010,,1,,,
G15_Y3_013_272,,1,,,
G09_Y5_005_173,,1,,,
G15_Y6_071_180,,1,,,
G09_Y4_233_274,,1,,,
G15_Y3_044_304,,1,,,
G15_Y1_BN1_053,,1,,,
G15_Y4_227_348,,1,,,
G12_Y6_054_285,,1,,,
G15_Y5_028_233,,1,,,
G15_Y1_DS1_235,,1,,,
G15_Y4_224_218,,1,,,
G15_Y3_030_034,,1,,,
G15_Y3_011_316,,1,,,
G15_Y1_DS1_254,,1,,,
G15_Y3_051_324,,1,,,
G12_Y6_058_326,,1,,,
G15_Y2_005_266,,1,,,
G12_Y6_057_219,,1,,,
G15_Y6_090_058,,1,,,
G15_Y6_084_125,,1,,,
G15_Y6_092_152,,1,,,
G15_Y6_081_239,,1,,,
G09_Y4_213_116,,1,,,
G12_Y2_017_275,,1,,,
G15_Y3_001_295,,1,,,
G15_Y1_DS1_242,,1,,,
G15_Y3_005_280,,1,,,
G15_Y3_039_198,,1,,,
G15_Y6_085_052,,1,,,
G15_Y3_045_354,,1,,,
G12_Y6_057_177,,1,,,
G15_Y1_DS1_236,,1,,,
G09_Y1_CX1_060,,1,,,
G09_Y1_EX2_109,,1,,,
G15_Y4_203_047,,1,,,
G15_Y2_012_119,,1,,,
G09_Y5_035_208,,1,,,
G09_Y3_005_114,,1,,,
G15_Y4_223_225,,1,,,
G09_Y4_239_071,,1,,,
G15_Y3_032_230,,1,,,
G15_Y4_212_005,,1,,,
G15_Y3_026_388,,1,,,
G15_Y4_240_159,,1,,,
G15_Y2_022_362,,1,,,
G15_Y2_007_198,,1,,,
G15_Y3_034_065,,1,,,
G15_Y3_034_265,,1,,,
G15_Y3_004_141,,1,,,
G15_Y6_099_018,,1,,,
G12_Y6_086_078,,1,,,
G15_Y2_017_010,,1,,,
G09_Y2_027_331,,1,,,
G09_Y4_254_245,,1,,,
G09_Y1_AN2_286,,1,,,
G09_Y1_AS1_127,,1,,,
G12_Y2_004_015,,1,,,
G15_Y3_005_215,,1,,,
G09_Y4_258_193,,1,,,
G09_Y5_018_238,,1,,,
G09_Y1_BN1_043,,1,,,
G15_Y2_023_008,,1,,,
G15_Y2_015_320,,1,,,
G09_Y5_001_293,,1,,,
G15_Y3_041_064,,1,,,
G15_Y4_236_174,,1,,,
G15_Y1_AX1_189,,1,,,
G15_Y6_092_202,,1,,,
G15_Y2_003_256,,1,,,
G15_Y3_010_020,,1,,,
G12_Y3_040_117,,1,,,
G15_Y1_BN1_216,,1,,,
G15_Y6_083_092,,1,,,
G15_Y5_028_376,,1,,,
G15_Y3_016_363,,1,,,
G09_Y1_BS1_258,,1,,,
G15_Y5_042_017,,1,,,
G12_Y3_011_158,,1,,,
G12_Y6_061_189,,1,,,
G09_Y2_005_195,,1,,,
G15_Y4_225_101,,1,,,
G15_Y2_017_279,,1,,,
G12_Y3_013_125,,1,,,
G15_Y6_093_021,,1,,,
G15_Y2_006_286,,1,,,
G15_Y3_050_332,,1,,,
G09_Y4_216_071,,1,,,
G09_Y4_252_333,,1,,,
G09_Y2_041_255,,1,,,
G09_Y6_080_196,,1,,,
G15_Y2_013_118,,1,,,
G15_Y6_084_233,,1,,,
G15_Y6_074_246,,1,,,
G09_Y3_001_148,,1,,,
G09_Y2_008_280,,1,,,
G15_Y4_216_214,,1,,,
G09_Y2_010_193,,1,,,
G15_Y6_073_246,,1,,,
G09_Y1_BN2_058,,1,,,
G15_Y3_015_339,,1,,,
G12_Y2_024_062,,1,,,
G15_Y6_100_248,,1,,,
G12_Y1_CS1_296,,1,,,
G09_Y6_068_338,,1,,,
G09_Y5_034_039,,1,,,
G15_Y3_032_188,,1,,,
G15_Y3_040_306,,1,,,
G09_Y5_001_186,,1,,,
G12_Y6_060_027,,1,,,
G12_Y6_050_175,,1,,,
G15_Y4_230_094,,1,,,
G15_Y2_015_225,,1,,,
G15_Y1_DS1_241,,1,,,
G15_Y4_234_104,,1,,,
G12_Y6_061_201,,1,,,
G15_Y6_082_005,,1,,,
G15_Y6_093_025,,1,,,
G15_Y3_038_031,,1,,,
G12_Y2_031_062,,1,,,
G15_Y4_207_175,,1,,,
G15_Y6_084_211,,1,,,
G12_Y1_DX2_053,,1,,,
G15_Y3_011_198,,1,,,
G12_Y5_012_175,,1,,,
G15_Y6_074_323,,1,,,
G15_Y5_003_280,,1,,,
G12_Y3_045_237,,1,,,
G15_Y2_003_362,,1,,,
G12_Y6_056_345,,1,,,
G12_Y2_042_399,,1,,,
G09_Y4_204_260,,1,,,
G15_Y4_209_223,,1,,,
G15_Y5_032_066,,1,,,
G15_Y5_033_052,,1,,,
G02_Y5_057_329,,1,,,
G12_Y6_060_176,,1,,,
G09_Y4_243_169,,1,,,
G15_Y6_084_228,,1,,,
G15_Y4_229_282,,1,,,
G15_Y2_019_111,,1,,,
G15_Y3_013_223,,1,,,
G12_Y6_053_082,,1,,,
G15_Y1_GX2_116,,1,,,
G15_Y6_085_027,,1,,,
G15_Y4_225_234,,1,,,
G09_Y4_244_057,,1,,,
G15_Y2_023_041,,1,,,
G15_Y3_008_131,,1,,,
G15_Y1_FN2_048,,1,,,
G09_Y5_002_276,,1,,,
G15_Y4_220_069,,1,,,
G12_Y2_017_131,,1,,,
G09_Y1_BN1_335,,1,,,
G09_Y1_GS2_059,,1,,,
G09_Y2_029_053,,1,,,
G12_Y2_031_097,,1,,,
G09_Y6_062_147,,1,,,
G09_Y1_GS1_015,,1,,,
G15_Y5_028_366,,1,,,
G09_Y1_EN1_366,,1,,,
G09_Y2_022_344,,1,,,
G15_Y5_042_283,,1,,,
G09_Y4_233_254,,1,,,
G15_Y5_030_299,,1,,,
G09_Y6_100_021,,1,,,
G15_Y5_005_063,,1,,,
G15_Y3_039_047,,1,,,
G12_Y2_013_054,,1,,,
G15_Y6_094_090,,1,,,
G12_Y3_022_011,,1,,,
G09_Y4_203_145,,1,,,
G09_Y4_252_292,,1,,,
G09_Y2_003_123,,1,,,
G12_Y1_CN1_297,,1,,,
G02_Y3_013_275,,1,,,
G12_Y6_058_139,,1,,,
G15_Y3_002_143,,1,,,
G15_Y5_028_035,,1,,,
G09_Y2_032_066,,1,,,
G09_Y2_028_335,,1,,,
G15_Y5_033_289,,1,,,
G15_Y5_020_127,,1,,,
G15_Y6_089_042,,1,,,
G09_Y4_218_019,,1,,,
G02_Y3_019_312,,1,,,
G09_Y4_217_054,,1,,,
G15_Y2_019_083,,1,,,
G15_Y1_DS1_037,,1,,,
G15_Y6_084_370,,1,,,
G15_Y2_005_028,,1,,,
G15_Y3_005_177,,1,,,
G09_Y5_030_248,,1,,,
G15_Y1_DS1_243,,1,,,
G09_Y2_033_171,,1,,,
G02_Y5_079_018,,1,,,
G15_Y3_032_187,,1,,,
G02_Y3_018_292,,1,,,
G15_Y1_DS1_263,,1,,,
G15_Y2_009_193,,1,,,
G15_Y4_238_222,,1,,,
G15_Y4_218_027,,1,,,
G15_Y2_019_056,,1,,,
G09_Y2_038_286,,1,,,
G15_Y4_229_273,,1,,,
G15_Y6_075_284,,1,,,
G12_Y6_061_158,,1,,,
G15_Y4_230_072,,1,,,
G15_Y4_207_323,,1,,,
G12_Y3_005_332,,1,,,
G15_Y6_073_211,,1,,,
G12_Y3_045_164,,1,,,
G15_Y6_082_376,,1,,,
G09_Y4_225_183,,1,,,
G15_Y2_003_196,,1,,,
G15_Y1_DN2_099,,1,,,
G09_Y2_032_128,,1,,,
G09_Y4_220_072,,1,,,
G15_Y1_DS1_255,,1,,,
G12_Y1_GS2_195,,1,,,
G09_Y2_027_381,,1,,,
G12_Y6_085_191,,1,,,
G02_Y5_082_059,,1,,,
G09_Y1_CS2_268,,1,,,
G15_Y3_047_313,,1,,,
G15_Y5_002_198,,1,,,
G09_Y1_BS1_016,,1,,,
G15_Y2_017_286,,1,,,
G09_Y6_068_272,,1,,,
G15_Y3_037_094,,1,,,
G15_Y1_HN2_111,,1,,,
G09_Y4_234_280,,1,,,
G12_Y1_GN1_184,,1,,,
G09_Y1_AS2_233,,1,,,
G15_Y2_007_140,,1,,,
G12_Y6_058_358,,1,,,
G12_Y1_AS2_184,,1,,,
G09_Y2_022_397,,1,,,
G15_Y3_050_005,,1,,,
G15_Y4_229_274,,1,,,
G12_Y6_070_135,,1,,,
G09_Y5_001_221,,1,,,
G12_Y6_054_389,,1,,,
G12_Y6_056_299,,1,,,
G09_Y1_CX1_395,,1,,,
G15_Y6_101_126,,1,,,
G15_Y2_012_012,,1,,,
G09_Y2_004_061,,1,,,
G15_Y5_005_083,,1,,,
G09_Y5_006_226,,1,,,
G12_Y6_086_279,,1,,,
G12_Y3_026_303,,1,,,
G02_Y4_038_248,,1,,,
G15_Y1_DS1_225,,1,,,
G12_Y2_034_382,,1,,,
G15_Y6_093_022,,1,,,
G15_Y5_004_325,,1,,,
G02_Y5_083_144,,1,,,
G09_Y1_CX2_029,,1,,,
G09_Y6_090_240,,1,,,
G09_Y4_244_259,,1,,,
G09_Y1_DN2_091,,1,,,
G02_Y5_061_083,,1,,,
G15_Y3_036_198,,1,,,
G09_Y2_003_128,,1,,,
G09_Y1_DN1_072,,1,,,
G15_Y3_022_061,,1,,,
G15_Y6_093_028,,1,,,
G15_Y6_085_102,,1,,,
G09_Y2_027_072,,1,,,
G15_Y4_237_329,,1,,,
G15_Y3_021_299,,1,,,
G15_Y6_074_029,,1,,,
G09_Y4_205_057,,1,,,
G15_Y3_047_262,,1,,,
G09_Y2_039_279,,1,,,
G12_Y1_IN1_047,,1,,,
G12_Y3_035_075,,1,,,
G09_Y4_222_303,,1,,,
G09_Y4_252_079,,1,,,
G15_Y6_077_198,,1,,,
G12_Y3_044_385,,1,,,
G12_Y2_004_083,,1,,,
G09_Y3_012_019,,1,,,
G15_Y6_093_024,,1,,,
G15_Y6_085_207,,1,,,
G15_Y2_023_037,,1,,,
G09_Y5_003_197,,1,,,
G15_Y3_041_310,,1,,,
G09_Y4_252_274,,1,,,
G09_Y4_206_034,,1,,,
G15_Y4_228_376,,1,,,
G15_Y1_IN1_208,,1,,,
G15_Y3_025_005,,1,,,
G15_Y4_223_289,,1,,,
G09_Y1_FX1_307,,1,,,
G15_Y3_034_246,,1,,,
G09_Y6_086_258,,1,,,
G15_Y3_008_025,,1,,,
G15_Y4_238_225,,1,,,
G15_Y4_205_299,,1,,,
G09_Y2_039_326,,1,,,
G15_Y3_050_346,,1,,,
G15_Y3_010_364,,1,,,
G09_Y4_233_282,,1,,,
G15_Y2_012_305,,1,,,
G15_Y4_238_365,,1,,,
G09_Y2_039_081,,1,,,
G09_Y4_216_051,,1,,,
G12_Y3_005_023,,1,,,
G09_Y1_BX2_217,,1,,,
G15_Y2_013_106,,1,,,
G15_Y2_007_129,,1,,,
G02_Y4_027_306,,1,,,
G12_Y6_055_114,,1,,,
G09_Y1_BX2_248,,1,,,
G15_Y1_IN1_135,,1,,,
G15_Y5_032_141,,1,,,
G09_Y4_234_307,,1,,,
G15_Y4_222_377,,1,,,
G09_Y4_243_166,,1,,,
G15_Y4_238_107,,1,,,
G09_Y2_035_273,,1,,,
G09_Y4_252_353,,1,,,
G15_Y3_001_251,,1,,,
G09_Y4_244_196,,1,,,
G12_Y6_055_076,,1,,,
G15_Y4_242_240,,1,,,
G09_Y5_016_095,,1,,,
G09_Y2_041_321,,1,,,
G15_Y1_DN2_138,,1,,,
G12_Y2_013_244,,1,,,
G12_Y6_070_092,,1,,,
G15_Y6_094_113,,1,,,
G09_Y2_021_202,,1,,,
G09_Y3_008_074,,1,,,
G15_Y6_074_394,,1,,,
G15_Y4_232_034,,1,,,
G15_Y6_083_122,,1,,,
G15_Y2_007_286,,1,,,
G09_Y6_080_218,,1,,,
G09_Y2_008_041,,1,,,
G15_Y2_017_240,,1,,,
G09_Y4_217_101,,1,,,
G09_Y1_BN2_164,,1,,,
G15_Y2_018_053,,1,,,
G12_Y6_080_093,,1,,,
G12_Y3_022_164,,1,,,
G09_Y4_224_037,,1,,,
G09_Y1_AX1_072,,1,,,
G15_Y3_038_055,,1,,,
G09_Y4_203_057,,1,,,
G02_Y5_082_143,,1,,,
G12_Y6_080_365,,1,,,
G09_Y4_222_351,,1,,,
G15_Y6_083_087,,1,,,
G09_Y1_AN1_207,,1,,,
G12_Y3_003_067,,1,,,
G15_Y4_219_323,,1,,,
G09_Y1_GS2_376,,1,,,
G15_Y3_037_015,,1,,,
G09_Y4_214_040,,1,,,
G09_Y4_214_023,,1,,,
G15_Y1_GS2_369,,1,,,
G12_Y6_056_298,,1,,,
G09_Y4_242_345,,1,,,
G15_Y3_021_017,,1,,,
G12_Y3_030_077,,1,,,
G15_Y2_008_024,,1,,,
G15_Y6_091_172,,1,,,
G15_Y4_236_368,,1,,,
G09_Y4_238_255,,1,,,
G15_Y1_DS1_268,,1,,,
G15_Y1_DS1_237,,1,,,
G12_Y6_053_103,,1,,,
G12_Y1_EX1_074,,1,,,
G09_Y1_CX2_123,,1,,,
G15_Y1_IS1_037,,1,,,
G15_Y1_CS1_143,,1,,,
G15_Y5_032_130,,1,,,
G09_Y4_257_035,,1,,,
G12_Y1_ES2_102,,1,,,
G15_Y1_DS1_229,,1,,,
G09_Y1_DS1_268,,1,,,
G15_Y6_099_040,,1,,,
G15_Y1_DS2_217,,1,,,
G12_Y3_009_219,,1,,,
G09_Y1_GS2_328,,1,,,
G09_Y1_GS1_174,,1,,,
G09_Y2_028_397,,1,,,
G09_Y6_074_180,,1,,,
G15_Y4_211_336,,1,,,
G12_Y6_060_140,,1,,,
G09_Y4_231_175,,1,,,
G15_Y4_205_368,,1,,,
G09_Y4_235_278,,1,,,
G15_Y4_214_242,,1,,,
G09_Y4_244_242,,1,,,
G09_Y2_025_262,,1,,,
G12_Y6_057_266,,1,,,
G09_Y2_021_145,,1,,,
G02_Y5_116_307,,1,,,
G15_Y4_213_048,,1,,,
G09_Y1_AS1_227,,1,,,
G12_Y6_058_314,,1,,,
G09_Y4_213_078,,1,,,
G12_Y1_FS2_177,,1,,,
G02_Y5_106_342,,1,,,
G12_Y6_061_135,,1,,,
G15_Y4_221_033,,1,,,
G15_Y6_100_190,,1,,,
G15_Y4_209_041,,1,,,
G15_Y3_004_008,,1,,,
G15_Y2_017_391,,1,,,
G15_Y6_073_209,,1,,,
G15_Y1_IS1_038,,1,,,
G09_Y5_001_037,,1,,,
G15_Y2_017_116,,1,,,
G09_Y4_244_332,,1,,,
G09_Y5_005_268,,1,,,
G15_Y6_093_019,,1,,,
G09_Y5_002_252,,1,,,
G12_Y6_056_026,,1,,,
G09_Y2_020_087,,1,,,
G12_Y6_056_206,,1,,,
G15_Y4_213_242,,1,,,
G15_Y3_003_095,,1,,,
G09_Y1_HS2_341,,1,,,
G15_Y4_225_084,,1,,,
G15_Y4_212_129,,1,,,
G15_Y6_074_240,,1,,,
G09_Y2_033_214,,1,,,
G09_Y4_259_202,,1,,,
G09_Y4_225_031,,1,,,
G15_Y1_CS1_299,,1,,,
G09_Y1_DS1_070,,1,,,
G09_Y2_027_079,,1,,,
G12_Y6_070_109,,1,,,
G15_Y3_038_235,,1,,,
G09_Y2_027_157,,1,,,
G15_Y6_093_026,,1,,,
G09_Y4_214_072,,1,,,
G09_Y5_050_156,,1,,,
G09_Y6_068_027,,1,,,
G12_Y6_060_099,,1,,,
G12_Y6_058_070,,1,,,
G15_Y4_208_163,,1,,,
G09_Y4_258_144,,1,,,
G15_Y1_DN2_136,,1,,,
G09_Y3_026_179,,1,,,
G15_Y1_DS1_017,,1,,,
G02_Y5_052_096,,1,,,
G15_Y1_HS2_270,,1,,,
G09_Y4_250_066,,1,,,
G15_Y6_093_020,,1,,,
G15_Y4_229_134,,1,,,
G02_Y3_019_307,,1,,,
G09_Y4_204_162,,1,,,
G15_Y2_018_141,,1,,,
G09_Y2_033_353,,1,,,
G15_Y4_207_210,,1,,,
G09_Y4_247_086,,1,,,
G09_Y1_BS1_044,,1,,,
G09_Y4_233_042,,1,,,
G15_Y3_005_271,,1,,,
G02_Y6_010_387,,1,,,
G09_Y2_030_248,,1,,,
G09_Y1_BS1_377,,1,,,
G12_Y5_005_058,,1,,,
G09_Y1_GN1_210,,1,,,
G15_Y1_EN2_095,,1,,,
G15_Y2_012_253,,1,,,
G09_Y2_034_079,,1,,,
G09_Y4_243_184,,1,,,
G12_Y6_070_158,,1,,,
G09_Y1_CS1_237,,1,,,
G09_Y4_252_267,,1,,,
G09_Y4_243_241,,1,,,
G09_Y1_AX2_213,,1,,,
G15_Y4_208_295,,1,,,
G09_Y4_241_333,,1,,,
G09_Y2_022_230,,1,,,
G09_Y2_034_090,,1,,,
G15_Y3_012_262,,1,,,
G15_Y2_007_007,,1,,,
G09_Y1_DX2_127,,1,,,
G09_Y2_021_048,,1,,,
G09_Y2_019_161,,1,,,
G15_Y6_085_005,,1,,,
G15_Y4_203_110,,1,,,
G09_Y4_253_247,,1,,,
G09_Y2_029_241,,1,,,
G09_Y1_FS1_205,,1,,,
G09_Y4_222_223,,1,,,
G09_Y4_227_287,,1,,,
G09_Y4_237_067,,1,,,
G09_Y4_222_312,,1,,,
G15_Y5_022_307,,1,,,
G15_Y4_240_305,,1,,,
G09_Y2_013_026,,1,,,
G15_Y2_017_044,,1,,,
G15_Y1_DN2_234,,1,,,
G09_Y1_AS2_058,,1,,,
G09_Y4_213_193,,1,,,
G15_Y4_208_135,,1,,,
G09_Y1_FS2_315,,1,,,
G15_Y2_009_311,,1,,,
G09_Y1_DS2_174,,1,,,
G09_Y6_068_102,,1,,,
G02_Y5_095_015,,1,,,
G02_Y4_037_277,,1,,,
G15_Y6_074_380,,1,,,
G09_Y1_HS1_066,,1,,,
G15_Y6_086_098,,1,,,
G09_Y4_217_312,,1,,,
G02_Y3_014_090,,1,,,
G15_Y6_101_319,,1,,,
G15_Y5_020_072,,1,,,
G15_Y3_022_369,,1,,,
G15_Y3_016_216,,1,,,
G09_Y1_ES1_258,,1,,,
G02_Y5_071_209,,1,,,
G02_Y5_110_398,,1,,,
G15_Y3_015_173,,1,,,
G09_Y4_205_075,,1,,,
G12_Y1_CS1_356,,1,,,
G15_Y6_093_380,,1,,,
G02_Y3_016_289,,1,,,
G15_Y4_201_358,,1,,,
G15_Y2_007_044,,1,,,
G15_Y6_081_224,,1,,,
G12_Y5_008_336,,1,,,
G09_Y1_FS1_399,,1,,,
G09_Y2_020_235,,1,,,
G09_Y1_AX1_301,,1,,,
G15_Y2_017_242,,1,,,
G09_Y4_261_183,,1,,,
G15_Y1_CX2_278,,1,,,
G15_Y4_225_356,,1,,,
G09_Y4_254_338,,1,,,
G12_Y6_073_361,,1,,,
G15_Y2_022_140,,1,,,
G09_Y2_034_257,,1,,,
G09_Y6_065_128,,1,,,
G15_Y1_HN2_304,,1,,,
G02_Y4_038_318,,1,,,
G02_Y4_039_212,,1,,,
G15_Y4_238_209,,1,,,
G15_Y4_212_006,,1,,,
G09_Y2_020_057,,1,,,
G09_Y1_AN1_334,,1,,,
G15_Y4_223_063,,1,,,
G09_Y2_007_181,,1,,,
G15_Y6_087_081,,1,,,
G09_Y4_242_256,,1,,,
G09_Y4_261_186,,1,,,
G12_Y2_032_258,,1,,,
G15_Y3_014_201,,1,,,
G12_Y2_004_283,,1,,,
G09_Y1_BS1_394,,1,,,
G15_Y4_243_056,,1,,,
G15_Y2_017_278,,1,,,
G15_Y1_HN2_210,,1,,,
G15_Y2_022_301,,1,,,
G12_Y1_EX1_294,,1,,,
G09_Y2_021_333,,1,,,
G12_Y2_022_352,,1,,,
G09_Y4_246_162,,1,,,
G09_Y2_026_071,,1,,,
G09_Y2_038_315,,1,,,
G09_Y1_AS2_157,,1,,,
G09_Y3_015_218,,1,,,
G09_Y6_080_103,,1,,,
G12_Y6_056_194,,1,,,
G12_Y1_EX1_053,,1,,,
G15_Y3_001_029,,1,,,
G15_Y1_FN2_156,,1,,,
G02_Y5_085_014,,1,,,
G15_Y3_036_291,,1,,,
G15_Y2_018_316,,1,,,
G12_Y6_061_281,,1,,,
G15_Y4_206_275,,1,,,
G12_Y2_012_223,,1,,,
G15_Y6_084_288,,1,,,
G09_Y1_FX2_055,,1,,,
G09_Y2_003_307,,1,,,
G12_Y2_019_220,,1,,,
G09_Y2_028_083,,1,,,
G12_Y6_058_158,,1,,,
G12_Y6_070_366,,1,,,
G09_Y4_203_255,,1,,,
G15_Y4_219_047,,1,,,
G02_Y5_106_088,,1,,,
G15_Y2_015_220,,1,,,
G02_Y5_088_190,,1,,,
G09_Y2_034_055,,1,,,
G09_Y2_007_296,,1,,,
G15_Y3_007_323,,1,,,
G02_Y6_017_099,,1,,,
G15_Y4_217_017,,1,,,
G09_Y4_226_005,,1,,,
G12_Y1_FN1_319,,1,,,
G15_Y2_015_262,,1,,,
G09_Y3_008_175,,1,,,
G15_Y2_019_143,,1,,,
G09_Y2_032_261,,1,,,
G15_Y2_013_031,,1,,,
G09_Y2_004_125,,1,,,
G09_Y1_CS1_107,,1,,,
G15_Y1_DS1_238,,1,,,
G15_Y4_207_133,,1,,,
G12_Y1_ND7_352,,1,,,
G09_Y4_222_268,,1,,,
G09_Y1_AX2_387,,1,,,
G09_Y1_AS1_362,,1,,,
G09_Y3_015_282,,1,,,
G12_Y6_060_380,,1,,,
G02_Y6_009_009,,1,,,
G09_Y5_022_284,,1,,,
G09_Y4_252_263,,1,,,
G12_Y6_057_179,,1,,,
G12_Y1_GS2_089,,1,,,
G09_Y2_029_270,,1,,,
G12_Y2_004_037,,1,,,
G12_Y1_AS1_305,,1,,,
G15_Y4_244_369,,1,,,
G02_Y5_107_295,,1,,,
G09_Y1_test_258,,1,,,
G15_Y6_074_016,,1,,,
G09_Y1_EX1_240,,1,,,
G15_Y4_233_043,,1,,,
G15_Y3_002_131,,1,,,
G09_Y6_061_383,,1,,,
G15_Y2_019_138,,1,,,
G09_Y4_257_045,,1,,,
G15_Y2_005_091,,1,,,
G02_Y3_003_147,,1,,,
G09_Y4_227_107,,1,,,
G12_Y6_060_174,,1,,,
G12_Y5_033_330,,1,,,
G09_Y2_005_307,,1,,,
G12_Y1_ND3_305,,1,,,
G09_Y2_033_298,,1,,,
G09_Y2_022_220,,1,,,
G15_Y1_BN1_080,,1,,,
G09_Y4_216_278,,1,,,
G09_Y1_DX1_125,,1,,,
G15_Y2_008_094,,1,,,
G15_Y1_HN2_036,,1,,,
G09_Y1_HN2_065,,1,,,
G09_Y2_033_263,,1,,,
G15_Y1_HS1_106,,1,,,
G09_Y1_FS2_074,,1,,,
G09_Y1_ES2_111,,1,,,
G09_Y1_FX2_053,,1,,,
G15_Y4_224_319,,1,,,
G09_Y4_259_352,,1,,,
G09_Y2_005_315,,1,,,
G15_Y3_011_376,,1,,,
G15_Y2_018_205,,1,,,
G09_Y4_225_275,,1,,,
G12_Y3_022_127,,1,,,
G09_Y4_210_175,,1,,,
G12_Y1_AS1_079,,1,,,
G09_Y1_AX1_172,,1,,,
G09_Y2_028_133,,1,,,
G09_Y1_IN1_276,,1,,,
G15_Y4_203_393,,1,,,
G09_Y1_DN2_137,,1,,,
G12_Y1_EX1_202,,1,,,
G02_Y3_006_235,,1,,,
G09_Y4_210_338,,1,,,
G09_Y6_060_106,,1,,,
G12_Y1_CS1_330,,1,,,
G12_Y1_IS1_090,,1,,,
G09_Y4_234_314,,1,,,
G09_Y4_246_187,,1,,,
G09_Y2_023_192,,1,,,
G09_Y4_259_258,,1,,,
G02_Y6_016_218,,1,,,
G02_Y6_008_210,,1,,,
G15_Y1_CS2_286,,1,,,
G02_Y6_009_229,,1,,,
G09_Y6_061_388,,1,,,
G15_Y5_003_227,,1,,,
G15_Y1_IN1_140,,1,,,
G15_Y4_229_253,,1,,,
G09_Y1_CN1_156,,1,,,
G12_Y1_ND1_285,,1,,,
G12_Y1_ND2_013,,1,,,
G09_Y1_AN1_060,,1,,,
G09_Y1_FX2_036,,1,,,

